finished,i,id,sensor,temperature,timestamp
false,3,R7JUU,tanque,14.939094158828732,1.621273331488E12
false,4,R7JUU,tanque,9.550943165747015,1.621273332582E12
true,5,R7JUU,tanque,8.63340370336146,1.621273333713E12
"","",B7U1N,"","",1.621273338717E12
false,1,R7JUU,pasteurizador,14.971786035477688,1.621273339948E12
false,1,B7U1N,tanque,12.699743982553139,1.621273340216E12
false,2,B7U1N,tanque,6.470094114699902,1.6212733414E12
false,2,R7JUU,pasteurizador,19.34605805213845,1.621273341672E12
false,3,B7U1N,tanque,5.638345173484968,1.621273342457E12
false,3,R7JUU,pasteurizador,13.266880653426895,1.621273343501E12
false,4,B7U1N,tanque,18.539691165782322,1.621273343591E12
false,4,R7JUU,pasteurizador,19.546990320145404,1.621273344634E12
true,5,B7U1N,tanque,17.961610548492033,1.621273345191E12
true,5,R7JUU,pasteurizador,9.325942439707804,1.621273345677E12
"","",KJ9FZ,"","",1.621273350194E12
false,1,B7U1N,pasteurizador,6.474692448483687,1.621273351406E12
false,1,KJ9FZ,tanque,18.029895727169997,1.621273351697E12
false,2,KJ9FZ,tanque,15.815671297786427,1.621273352749E12
false,2,B7U1N,pasteurizador,19.553596226542965,1.621273352802E12
false,3,KJ9FZ,tanque,12.974975290677893,1.621273353929E12
false,3,B7U1N,pasteurizador,5.022782949361345,1.621273354633E12
false,4,KJ9FZ,tanque,5.936973822676022,1.621273355854E12
false,4,B7U1N,pasteurizador,17.770206662765144,1.621273356223E12
true,5,KJ9FZ,tanque,19.25893176449724,1.621273357291E12
true,5,B7U1N,pasteurizador,14.510647755155476,1.621273357634E12
"","",7GAWG,"","",1.621273362295E12
false,1,KJ9FZ,pasteurizador,5.924163889871336,1.621273363853E12
false,1,7GAWG,tanque,14.920670825976687,1.621273363954E12
false,2,7GAWG,tanque,8.893715371056176,1.621273365676E12
false,2,KJ9FZ,pasteurizador,12.33102454808622,1.621273365695E12
false,3,KJ9FZ,pasteurizador,6.724866575953462,1.621273367154E12
false,3,7GAWG,tanque,13.775093762335962,1.621273367244E12
false,4,KJ9FZ,pasteurizador,17.8228996131202,1.621273368458E12
false,4,7GAWG,tanque,17.704731005091066,1.621273368826E12
true,5,KJ9FZ,pasteurizador,19.402355047892534,1.621273369697E12
true,5,7GAWG,tanque,15.656967553815855,1.62127337059E12
"","",9QT23,"","",1.621273375593E12
false,1,7GAWG,pasteurizador,13.652000658690492,1.62127337699E12
false,1,9QT23,tanque,17.53547898247028,1.621273377204E12
false,2,7GAWG,pasteurizador,5.319353253748611,1.621273378325E12
false,2,9QT23,tanque,7.750762787947313,1.621273378717E12
false,3,7GAWG,pasteurizador,6.944276392600156,1.621273379516E12
false,4,7GAWG,pasteurizador,19.034658475290442,1.621273380632E12
false,3,9QT23,tanque,6.49022237692083,1.621273380672E12
true,5,7GAWG,pasteurizador,19.177613190361004,1.621273381717E12
false,4,9QT23,tanque,10.255245561311845,1.621273382191E12
true,5,9QT23,tanque,12.12926994410526,1.621273384185E12
"","",Z1VCZ,"","",1.621273389188E12
false,1,9QT23,pasteurizador,17.379165598001805,1.621273390676E12
false,1,Z1VCZ,tanque,9.587680326159212,1.621273391137E12
false,2,Z1VCZ,tanque,18.079692280386922,1.621273392242E12
false,2,9QT23,pasteurizador,11.74738392347443,1.621273392337E12
false,3,Z1VCZ,tanque,7.368293408288461,1.621273393722E12
false,3,9QT23,pasteurizador,19.773695988211877,1.621273393835E12
false,4,Z1VCZ,tanque,10.823633897333568,1.621273395116E12
false,4,9QT23,pasteurizador,13.111563337117536,1.621273395406E12
true,5,Z1VCZ,tanque,13.208323684969782,1.621273396131E12
true,5,9QT23,pasteurizador,9.510939573498407,1.621273397321E12
"","",ZMTEI,"","",1.621273401134E12
false,1,ZMTEI,tanque,19.747777879761646,1.621273402377E12
false,1,Z1VCZ,pasteurizador,14.71027277645037,1.621273403121E12
false,2,ZMTEI,tanque,14.715423809900747,1.621273404112E12
false,2,Z1VCZ,pasteurizador,19.48573725454635,1.621273404272E12
false,3,Z1VCZ,pasteurizador,12.740679465686709,1.6212734054E12
false,3,ZMTEI,tanque,14.793517581133786,1.621273405665E12
false,4,Z1VCZ,pasteurizador,10.924542246447952,1.621273406589E12
false,4,ZMTEI,tanque,6.814957629876254,1.621273407248E12
true,5,Z1VCZ,pasteurizador,9.59483443147909,1.62127340817E12
true,5,ZMTEI,tanque,18.474478551629012,1.621273408499E12
"","",NMYGG,"","",1.621273413504E12
false,1,NMYGG,tanque,6.01600540126519,1.62127341516E12
false,1,ZMTEI,pasteurizador,17.765709038989645,1.621273415378E12
false,2,NMYGG,tanque,11.29781556396352,1.621273416215E12
false,2,ZMTEI,pasteurizador,11.369323537769134,1.621273416843E12
false,3,NMYGG,tanque,11.863592042484731,1.621273418033E12
false,3,ZMTEI,pasteurizador,10.078021109075431,1.621273418435E12
false,4,NMYGG,tanque,8.927073593838763,1.621273419239E12
false,4,ZMTEI,pasteurizador,13.637892547380675,1.621273419659E12
true,5,NMYGG,tanque,5.758184067981417,1.621273420572E12
true,5,ZMTEI,pasteurizador,13.41934619557014,1.621273421414E12
"","",LAKOG,"","",1.621273425575E12
false,1,NMYGG,pasteurizador,11.947009949114399,1.621273426649E12
false,1,LAKOG,tanque,7.426094975024294,1.621273426988E12
false,2,NMYGG,pasteurizador,7.215087591079346,1.621273427776E12
false,2,LAKOG,tanque,7.405801921271019,1.621273428143E12
false,3,NMYGG,pasteurizador,14.5162182470462,1.621273429389E12
false,3,LAKOG,tanque,5.34170099534488,1.621273429585E12
false,4,NMYGG,pasteurizador,5.920192263750293,1.621273430885E12
false,4,LAKOG,tanque,16.891464754741808,1.621273431069E12
true,5,NMYGG,pasteurizador,11.06566905761252,1.621273432648E12
true,5,LAKOG,tanque,16.66725161922647,1.621273432763E12
"","",MS4H5,"","",1.621273437765E12
false,1,LAKOG,pasteurizador,5.6466309009010605,1.621273439057E12
false,1,MS4H5,tanque,14.821500543607433,1.621273439506E12
false,2,LAKOG,pasteurizador,9.63192525064827,1.621273440206E12
false,2,MS4H5,tanque,18.69410809085628,1.621273441081E12
false,3,LAKOG,pasteurizador,12.13818860911216,1.621273441512E12
false,4,LAKOG,pasteurizador,11.402484399571529,1.621273442767E12
false,3,MS4H5,tanque,17.59261604880828,1.621273443061E12
false,4,MS4H5,tanque,17.596188084619705,1.62127344435E12
true,5,LAKOG,pasteurizador,6.484943510225082,1.621273444724E12
true,5,MS4H5,tanque,13.458060103177536,1.621273445385E12
"","",CVCPE,"","",1.621273450387E12
false,1,MS4H5,pasteurizador,16.906542415016897,1.621273451871E12
false,1,CVCPE,tanque,9.88728077952118,1.621273452034E12
false,2,CVCPE,tanque,14.66454595155499,1.621273453193E12
false,2,MS4H5,pasteurizador,15.202579535861815,1.621273453506E12
false,3,CVCPE,tanque,11.273340180264409,1.62127345472E12
false,3,MS4H5,pasteurizador,11.55411511293428,1.621273455186E12
false,4,CVCPE,tanque,10.509990525374953,1.621273455776E12
true,5,CVCPE,tanque,19.690317452911025,1.621273456788E12
false,4,MS4H5,pasteurizador,12.741820989460548,1.62127345688E12
true,5,MS4H5,pasteurizador,8.689847279615922,1.62127345825E12
"","",NZ4BL,"","",1.621273461792E12
false,1,CVCPE,pasteurizador,5.957399619438118,1.621273462904E12
false,1,NZ4BL,tanque,7.849565152498502,1.62127346325E12
false,2,CVCPE,pasteurizador,11.361077497342782,1.621273464228E12
false,2,NZ4BL,tanque,17.20555440201854,1.621273464416E12
false,3,NZ4BL,tanque,12.875297099545534,1.621273465501E12
false,3,CVCPE,pasteurizador,11.862682151971203,1.621273465504E12
false,4,NZ4BL,tanque,6.521552075199242,1.621273466724E12
false,4,CVCPE,pasteurizador,9.73074040631164,1.621273467432E12
true,5,NZ4BL,tanque,18.557501648257812,1.621273468286E12
true,5,CVCPE,pasteurizador,11.399801798030968,1.621273468624E12
"","",3Q8OH,"","",1.621273473289E12
false,1,3Q8OH,tanque,5.941973478482564,1.62127347472E12
false,1,NZ4BL,pasteurizador,8.333807221477475,1.621273475123E12
false,2,3Q8OH,tanque,7.447294012405562,1.621273476337E12
false,2,NZ4BL,pasteurizador,7.06511157924782,1.621273476344E12
false,3,3Q8OH,tanque,5.536575210192502,1.621273477672E12
false,3,NZ4BL,pasteurizador,19.136003348491535,1.621273477709E12
false,4,NZ4BL,pasteurizador,8.858458647844925,1.621273479455E12
false,4,3Q8OH,tanque,15.941398009503583,1.621273479527E12
true,5,3Q8OH,tanque,13.635108824880236,1.621273480534E12
true,5,NZ4BL,pasteurizador,10.588126459044304,1.62127348088E12
"","",HKEW1,"","",1.621273485539E12
false,1,HKEW1,tanque,8.721619707029642,1.621273486904E12
false,1,3Q8OH,pasteurizador,19.4104645566262,1.621273487311E12
false,2,HKEW1,tanque,18.372912612422347,1.621273488575E12
false,2,3Q8OH,pasteurizador,13.613983959599587,1.621273488869E12
false,3,3Q8OH,pasteurizador,10.616501565666061,1.621273490081E12
false,3,HKEW1,tanque,17.59591289877244,1.621273490239E12
false,4,3Q8OH,pasteurizador,5.8267019123126085,1.621273491689E12
false,4,HKEW1,tanque,6.747054900066587,1.621273491895E12
true,5,HKEW1,tanque,19.200656045784942,1.621273493531E12
true,5,3Q8OH,pasteurizador,6.333527877457625,1.621273493548E12
"","",DVLEK,"","",1.621273498533E12
false,1,HKEW1,pasteurizador,14.842043432473362,1.62127349995E12
false,1,DVLEK,tanque,15.613731532920433,1.621273500361E12
false,2,HKEW1,pasteurizador,11.816550595727499,1.621273501278E12
false,2,DVLEK,tanque,14.402594034887281,1.621273502266E12
false,3,HKEW1,pasteurizador,16.36103617762638,1.621273502878E12
false,3,DVLEK,tanque,6.212113632228143,1.621273503716E12
false,4,HKEW1,pasteurizador,17.936429019372405,1.621273504663E12
false,4,DVLEK,tanque,15.18559534555675,1.621273505209E12
true,5,HKEW1,pasteurizador,12.260076228556919,1.621273506267E12
true,5,DVLEK,tanque,13.131152258633438,1.621273506346E12
"","",DO0H8,"","",1.621273511348E12
false,1,DVLEK,pasteurizador,15.728937842096792,1.621273512385E12
false,1,DO0H8,tanque,19.474506697767985,1.621273513224E12
false,2,DVLEK,pasteurizador,14.916178031452045,1.621273513744E12
false,2,DO0H8,tanque,13.983951455566007,1.621273514279E12
false,3,DVLEK,pasteurizador,14.381714137879394,1.621273515178E12
false,3,DO0H8,tanque,6.733975749177649,1.621273515755E12
false,4,DVLEK,pasteurizador,5.573388682674083,1.621273516309E12
false,4,DO0H8,tanque,14.344206755787148,1.621273517266E12
true,5,DVLEK,pasteurizador,8.591779717549734,1.621273518169E12
true,5,DO0H8,tanque,7.605554356840881,1.621273519027E12
"","",NH1QO,"","",1.62127352403E12
false,1,NH1QO,tanque,15.11871599759407,1.621273525594E12
false,1,DO0H8,pasteurizador,19.81360281818153,1.621273525807E12
false,2,NH1QO,tanque,12.12155988389998,1.621273526785E12
false,2,DO0H8,pasteurizador,18.189911029549823,1.621273526909E12
false,3,DO0H8,pasteurizador,13.00586397170048,1.621273527917E12
false,3,NH1QO,tanque,10.917826294040225,1.621273527974E12
false,4,DO0H8,pasteurizador,9.394365645574753,1.621273529342E12
false,4,NH1QO,tanque,19.784806490195265,1.621273529347E12
true,5,NH1QO,tanque,13.303915320607766,1.621273530653E12
true,5,DO0H8,pasteurizador,19.650449759485483,1.621273530729E12
"","",WKBXF,"","",1.621273535657E12
false,1,WKBXF,tanque,19.04684416109609,1.621273536854E12
false,1,NH1QO,pasteurizador,16.751895071820492,1.621273537484E12
false,2,WKBXF,tanque,16.687406335814472,1.621273538607E12
false,2,NH1QO,pasteurizador,5.406845192364211,1.621273538725E12
false,3,NH1QO,pasteurizador,17.69782503697949,1.621273539784E12
false,3,WKBXF,tanque,11.853334413080496,1.621273540543E12
false,4,NH1QO,pasteurizador,7.348894642052441,1.62127354176E12
false,4,WKBXF,tanque,10.392122459256088,1.621273541858E12
true,5,WKBXF,tanque,8.695253239307092,1.621273543529E12
true,5,NH1QO,pasteurizador,5.607917774594485,1.621273543687E12
"","",5T40N,"","",1.621273548532E12
false,1,WKBXF,pasteurizador,19.47907042150843,1.621273549886E12
false,1,5T40N,tanque,18.031483868460462,1.621273550479E12
false,2,WKBXF,pasteurizador,7.29700044519668,1.621273551442E12
false,2,5T40N,tanque,16.70044321257459,1.621273551492E12
false,3,WKBXF,pasteurizador,5.033867060628772,1.621273552506E12
false,3,5T40N,tanque,18.9191789013987,1.62127355319E12
false,4,WKBXF,pasteurizador,16.13287529086449,1.621273554293E12
false,4,5T40N,tanque,15.793253167131741,1.621273554441E12
true,5,5T40N,tanque,18.52283583382887,1.621273555773E12
true,5,WKBXF,pasteurizador,8.398211285762422,1.621273556275E12
"","",Y62XG,"","",1.621273560777E12
false,1,5T40N,pasteurizador,14.053495866922608,1.62127356188E12
false,1,Y62XG,tanque,19.435275719221472,1.621273562081E12
false,2,5T40N,pasteurizador,7.548460239440065,1.621273563081E12
false,2,Y62XG,tanque,17.980715124835356,1.621273563333E12
false,3,Y62XG,tanque,19.1355169365154,1.621273564572E12
false,3,5T40N,pasteurizador,14.896312756452133,1.621273564629E12
false,4,Y62XG,tanque,14.051401349621512,1.621273565856E12
false,4,5T40N,pasteurizador,18.95809157245112,1.621273566119E12
true,5,Y62XG,tanque,15.178071297337949,1.621273566991E12
true,5,5T40N,pasteurizador,12.2459391972742,1.621273567287E12
"","",ZHA0I,"","",1.621273571996E12
false,1,ZHA0I,tanque,13.930367618343379,1.621273573362E12
false,1,Y62XG,pasteurizador,8.35390622203003,1.621273573979E12
false,2,ZHA0I,tanque,10.349824718645943,1.621273575109E12
false,2,Y62XG,pasteurizador,9.548935152762455,1.621273575767E12
false,3,ZHA0I,tanque,8.787430302560235,1.621273576426E12
false,3,Y62XG,pasteurizador,8.880661435279427,1.621273577103E12
false,4,ZHA0I,tanque,14.967208024777522,1.621273577946E12
false,4,Y62XG,pasteurizador,7.150561741518854,1.621273578375E12
true,5,ZHA0I,tanque,6.8560734223403665,1.621273579541E12
true,5,Y62XG,pasteurizador,18.3926397264038,1.621273579981E12
"","",M76M8,"","",1.621273584545E12
false,1,ZHA0I,pasteurizador,10.755388664433017,1.621273586308E12
false,1,M76M8,tanque,16.870647863487243,1.621273586545E12
false,2,ZHA0I,pasteurizador,7.612699761496513,1.621273587684E12
false,2,M76M8,tanque,19.881217662602893,1.621273587834E12
false,3,ZHA0I,pasteurizador,10.473121598281747,1.621273588956E12
false,3,M76M8,tanque,17.29079434336885,1.621273589142E12
false,4,ZHA0I,pasteurizador,8.379701433533796,1.621273590059E12
false,4,M76M8,tanque,13.787318607994703,1.62127359023E12
true,5,ZHA0I,pasteurizador,12.807983170714472,1.621273591137E12
true,5,M76M8,tanque,16.70235794496572,1.621273591961E12
"","",UI7SE,"","",1.621273596964E12
false,1,M76M8,pasteurizador,18.317377807899458,1.621273598198E12
false,1,UI7SE,tanque,12.816688562626405,1.621273598946E12
false,2,M76M8,pasteurizador,15.552438261376237,1.621273599326E12
false,2,UI7SE,tanque,17.30954915378903,1.621273600179E12
false,3,M76M8,pasteurizador,15.451709084812551,1.621273600489E12
false,3,UI7SE,tanque,10.454139615641594,1.621273601729E12
false,4,M76M8,pasteurizador,16.175452896982,1.621273601996E12
false,4,UI7SE,tanque,13.517655117041233,1.621273602801E12
true,5,M76M8,pasteurizador,17.700616763910396,1.621273603054E12
true,5,UI7SE,tanque,5.5234637943797535,1.621273604349E12
"","",WPG1G,"","",1.621273609351E12
false,1,UI7SE,pasteurizador,7.485447457632649,1.621273610841E12
false,1,WPG1G,tanque,9.938374784034849,1.621273610996E12
false,2,WPG1G,tanque,14.259411628706406,1.621273612503E12
false,2,UI7SE,pasteurizador,7.992300814710404,1.62127361279E12
false,3,UI7SE,pasteurizador,12.548083903459016,1.621273613886E12
false,3,WPG1G,tanque,17.290104353003585,1.621273614307E12
false,4,UI7SE,pasteurizador,8.53010184471086,1.62127361521E12
false,4,WPG1G,tanque,12.48436488184511,1.621273615856E12
true,5,UI7SE,pasteurizador,19.811816663089182,1.621273616417E12
true,5,WPG1G,tanque,16.678822479031595,1.621273617128E12
"","",NWYSE,"","",1.62127362213E12
false,1,WPG1G,pasteurizador,18.012906660501425,1.62127362395E12
false,1,NWYSE,tanque,14.329051246642354,1.621273623988E12
false,2,NWYSE,tanque,12.296187133352836,1.621273624999E12
false,2,WPG1G,pasteurizador,13.590733860780114,1.621273625916E12
false,3,NWYSE,tanque,17.62635772987833,1.621273626124E12
false,3,WPG1G,pasteurizador,18.536493265127515,1.621273627199E12
false,4,NWYSE,tanque,16.831296249566947,1.621273627858E12
false,4,WPG1G,pasteurizador,15.043327289653899,1.621273628568E12
true,5,NWYSE,tanque,19.632344966505826,1.621273629362E12
true,5,WPG1G,pasteurizador,13.48342242982244,1.621273630568E12
"","",S3H55,"","",1.621273634365E12
false,1,S3H55,tanque,19.78612643858041,1.621273635684E12
false,1,NWYSE,pasteurizador,15.329183685794197,1.621273635836E12
false,2,S3H55,tanque,7.05549814842982,1.62127363741E12
false,2,NWYSE,pasteurizador,19.67168916561271,1.621273637701E12
false,3,S3H55,tanque,14.463109662756686,1.621273638601E12
false,3,NWYSE,pasteurizador,9.03426944110127,1.621273639313E12
false,4,S3H55,tanque,7.857950088674752,1.621273639644E12
false,4,NWYSE,pasteurizador,18.025008018628238,1.62127364085E12
true,5,S3H55,tanque,19.081900177134795,1.621273641237E12
true,5,NWYSE,pasteurizador,12.298538238282593,1.6212736427E12
"","",U77OS,"","",1.621273646239E12
false,1,S3H55,pasteurizador,11.57761718816458,1.62127364771E12
false,1,U77OS,tanque,10.81537645804849,1.621273647989E12
false,2,S3H55,pasteurizador,5.426453491508179,1.621273649546E12
false,2,U77OS,tanque,19.03201485681128,1.621273649796E12
false,3,S3H55,pasteurizador,17.837817240020172,1.621273651235E12
false,3,U77OS,tanque,19.85039252041816,1.621273651785E12
false,4,S3H55,pasteurizador,17.224761281690377,1.621273652893E12
false,4,U77OS,tanque,13.787085761377448,1.621273652933E12
true,5,S3H55,pasteurizador,10.886126392340119,1.621273653977E12
true,5,U77OS,tanque,6.509551711486986,1.621273654396E12
"","",QIHXZ,"","",1.621273659399E12
false,1,U77OS,pasteurizador,13.072830378424351,1.621273660738E12
false,1,QIHXZ,tanque,17.316830393891998,1.621273660965E12
false,2,U77OS,pasteurizador,17.649741493759056,1.621273661864E12
false,2,QIHXZ,tanque,19.93268237254908,1.621273662173E12
false,3,U77OS,pasteurizador,10.20049205985023,1.621273662919E12
false,3,QIHXZ,tanque,7.8065272210522165,1.621273663515E12
false,4,U77OS,pasteurizador,14.007239810579945,1.621273664412E12
false,4,QIHXZ,tanque,13.413599774915502,1.621273665317E12
true,5,U77OS,pasteurizador,16.89366156989488,1.621273666065E12
true,5,QIHXZ,tanque,19.258802013016105,1.621273666805E12
"","",XES09,"","",1.621273671809E12
false,1,XES09,tanque,19.513269166408882,1.621273672961E12
false,1,QIHXZ,pasteurizador,5.743917596669475,1.621273673522E12
false,2,XES09,tanque,17.053370356065372,1.621273674236E12
false,2,QIHXZ,pasteurizador,15.414945099914434,1.621273675519E12
false,3,XES09,tanque,19.381113122860793,1.6212736757E12
false,3,QIHXZ,pasteurizador,15.45725402713972,1.621273676643E12
false,4,XES09,tanque,16.638785546644904,1.621273677259E12
false,4,QIHXZ,pasteurizador,6.559633665013306,1.621273678181E12
true,5,XES09,tanque,8.124211409922031,1.621273679002E12
true,5,QIHXZ,pasteurizador,19.979112107367317,1.621273679586E12
"","",Z66JE,"","",1.621273684006E12
false,1,Z66JE,tanque,8.868553275131664,1.621273685847E12
false,1,XES09,pasteurizador,9.575527771374055,1.621273685851E12
false,2,Z66JE,tanque,14.083941773488956,1.62127368774E12
false,2,XES09,pasteurizador,8.749611927890019,1.6212736878E12
false,3,XES09,pasteurizador,16.126680479776898,1.62127368894E12
false,3,Z66JE,tanque,16.316673330041002,1.621273689281E12
false,4,XES09,pasteurizador,7.202161284373751,1.621273690619E12
false,4,Z66JE,tanque,16.671415041205385,1.621273690817E12
true,5,XES09,pasteurizador,13.601837737605823,1.62127369249E12
true,5,Z66JE,tanque,7.2833660736128145,1.621273692532E12
"","",XZPW8,"","",1.621273697534E12
false,1,XZPW8,tanque,7.67890127127795,1.621273698696E12
false,1,Z66JE,pasteurizador,7.499796879824862,1.621273699415E12
false,2,XZPW8,tanque,16.664441064043828,1.621273700108E12
false,2,Z66JE,pasteurizador,10.254985160959794,1.621273701272E12
false,3,XZPW8,tanque,16.1994437954411,1.621273701721E12
false,3,Z66JE,pasteurizador,12.272181091660855,1.621273702474E12
false,4,XZPW8,tanque,14.660646910144155,1.621273703393E12
false,4,Z66JE,pasteurizador,18.37598717328852,1.621273703713E12
true,5,XZPW8,tanque,10.697690478356403,1.621273705018E12
true,5,Z66JE,pasteurizador,6.4593888839337605,1.621273705344E12
"","",3PVPC,"","",1.621273710022E12
false,1,XZPW8,pasteurizador,5.519320107543429,1.621273711728E12
false,1,3PVPC,tanque,9.153552083437997,1.621273711756E12
false,2,XZPW8,pasteurizador,13.861303662143737,1.621273712973E12
false,2,3PVPC,tanque,8.355749795741431,1.621273713678E12
false,3,XZPW8,pasteurizador,11.447989111925434,1.621273714744E12
false,3,3PVPC,tanque,11.27860152545388,1.621273715214E12
false,4,XZPW8,pasteurizador,5.6140608963669445,1.621273716008E12
false,4,3PVPC,tanque,9.430962976064494,1.621273716651E12
true,5,XZPW8,pasteurizador,10.022613828151707,1.621273717664E12
true,5,3PVPC,tanque,16.874128860317768,1.621273717783E12
"","",CGLWP,"","",1.621273722787E12
false,1,3PVPC,pasteurizador,16.317964592251023,1.621273723852E12
false,1,CGLWP,tanque,14.941163223281874,1.621273723935E12
false,2,CGLWP,tanque,18.86408994479325,1.621273725023E12
false,2,3PVPC,pasteurizador,6.711493956405507,1.621273725106E12
false,3,CGLWP,tanque,19.66567378006359,1.621273726468E12
false,3,3PVPC,pasteurizador,7.7492388351679935,1.621273726584E12
false,4,CGLWP,tanque,5.316981601883218,1.621273727872E12
false,4,3PVPC,pasteurizador,17.57683110143485,1.621273728394E12
true,5,CGLWP,tanque,19.36371009714319,1.621273729461E12
true,5,3PVPC,pasteurizador,5.856804170509388,1.621273730283E12
"","",A0LRY,"","",1.621273734463E12
false,1,CGLWP,pasteurizador,17.098560760672054,1.621273735751E12
false,1,A0LRY,tanque,18.993374108893676,1.621273736042E12
false,2,A0LRY,tanque,8.024082941342247,1.621273737339E12
false,2,CGLWP,pasteurizador,12.857042727246764,1.621273737626E12
false,3,A0LRY,tanque,8.150982130530329,1.621273739053E12
false,3,CGLWP,pasteurizador,11.615855015264447,1.621273739589E12
false,4,CGLWP,pasteurizador,11.145383476617743,1.621273740992E12
false,4,A0LRY,tanque,10.994519713809698,1.621273741011E12
true,5,A0LRY,tanque,7.937251370975814,1.621273742163E12
true,5,CGLWP,pasteurizador,18.69880845342646,1.621273742689E12
"","",935V1,"","",1.621273747164E12
false,1,935V1,tanque,12.546512948634092,1.621273748478E12
false,1,A0LRY,pasteurizador,11.559091720675076,1.621273749136E12
false,2,935V1,tanque,15.609441250213274,1.621273750307E12
false,2,A0LRY,pasteurizador,12.804969050569586,1.62127375089E12
false,3,935V1,tanque,7.2577420684234175,1.621273752219E12
false,3,A0LRY,pasteurizador,18.5782560724319,1.621273752555E12
false,4,A0LRY,pasteurizador,19.07294912523593,1.62127375412E12
false,4,935V1,tanque,19.39482475874307,1.621273754157E12
true,5,A0LRY,pasteurizador,11.948066739121185,1.621273755389E12
true,5,935V1,tanque,8.784004463279928,1.621273755682E12
"","",8ZQAI,"","",1.621273760686E12
false,1,935V1,pasteurizador,15.656108504204191,1.621273761721E12
false,1,8ZQAI,tanque,6.510089371291407,1.621273761723E12
false,2,8ZQAI,tanque,10.849659190640121,1.621273763516E12
false,2,935V1,pasteurizador,6.8410375992847525,1.621273763551E12
false,3,8ZQAI,tanque,6.259588969107003,1.621273765287E12
false,3,935V1,pasteurizador,17.74225178938321,1.621273765325E12
false,4,8ZQAI,tanque,18.145509393750174,1.621273766848E12
false,4,935V1,pasteurizador,14.824396387321666,1.621273767099E12
true,5,935V1,pasteurizador,9.5922538877878,1.62127376843E12
true,5,8ZQAI,tanque,7.79858895583407,1.621273768496E12
"","",BLD2E,"","",1.621273773498E12
false,1,8ZQAI,pasteurizador,19.971753266074693,1.621273775239E12
false,1,BLD2E,tanque,10.428181480739564,1.621273775381E12
false,2,8ZQAI,pasteurizador,6.070917738354097,1.621273776327E12
false,2,BLD2E,tanque,10.981951545687416,1.621273777059E12
false,3,8ZQAI,pasteurizador,18.5256954687325,1.62127377794E12
false,3,BLD2E,tanque,19.972267657731805,1.621273778511E12
false,4,8ZQAI,pasteurizador,7.934850452890364,1.621273779629E12
false,4,BLD2E,tanque,14.126892087075278,1.621273780094E12
true,5,8ZQAI,pasteurizador,13.164325483050428,1.621273781202E12
true,5,BLD2E,tanque,15.46741827434558,1.621273781489E12
"","",K70ML,"","",1.621273786492E12
false,1,BLD2E,pasteurizador,11.334621225303627,1.621273787936E12
false,1,K70ML,tanque,6.2051574567164725,1.621273788216E12
false,2,K70ML,tanque,11.971839037618658,1.621273789539E12
false,2,BLD2E,pasteurizador,17.707287715483687,1.62127378966E12
false,3,K70ML,tanque,12.19994585392556,1.621273791433E12
false,3,BLD2E,pasteurizador,6.6724497614380684,1.621273791632E12
false,4,BLD2E,pasteurizador,17.71485705030801,1.621273793087E12
false,4,K70ML,tanque,16.898336938402416,1.62127379343E12
true,5,BLD2E,pasteurizador,17.519913224207613,1.621273794518E12
true,5,K70ML,tanque,6.480233892247757,1.621273794896E12
"","",301I5,"","",1.621273799902E12
false,1,K70ML,pasteurizador,14.251697708435877,1.621273801561E12
false,1,301I5,tanque,5.293641497727316,1.621273801793E12
false,2,K70ML,pasteurizador,11.562352462291752,1.621273802775E12
false,2,301I5,tanque,10.289372806154697,1.621273803182E12
false,3,301I5,tanque,19.64366568175111,1.621273804422E12
false,3,K70ML,pasteurizador,10.963506819935397,1.621273804527E12
false,4,K70ML,pasteurizador,11.327193925491056,1.621273805943E12
false,4,301I5,tanque,8.643524536088856,1.621273806135E12
true,5,K70ML,pasteurizador,14.18623947606793,1.6212738072E12
true,5,301I5,tanque,16.350180543945612,1.621273807619E12
"","",9N65A,"","",1.621273812621E12
false,1,9N65A,tanque,18.438101655037165,1.621273813663E12
false,1,301I5,pasteurizador,17.86520910947832,1.621273814469E12
false,2,9N65A,tanque,14.190296906435751,1.621273815121E12
false,2,301I5,pasteurizador,13.33460026670597,1.621273816033E12
false,3,9N65A,tanque,8.085831129858256,1.621273816237E12
false,4,9N65A,tanque,7.651017713762634,1.621273817635E12
false,3,301I5,pasteurizador,15.591229788002899,1.621273817637E12
true,5,9N65A,tanque,9.233487271423403,1.621273818684E12
false,4,301I5,pasteurizador,12.273999265618519,1.621273819095E12
true,5,301I5,pasteurizador,12.809589967922044,1.621273820908E12
"","",ZG839,"","",1.621273823685E12
false,1,9N65A,pasteurizador,17.920657171603366,1.621273824935E12
false,1,ZG839,tanque,7.146157087958128,1.621273825117E12
false,2,ZG839,tanque,13.879903259309955,1.621273826427E12
false,2,9N65A,pasteurizador,18.321376297131952,1.621273826669E12
false,3,9N65A,pasteurizador,19.53754974452761,1.621273827947E12
false,3,ZG839,tanque,11.193410089975599,1.621273828274E12
false,4,9N65A,pasteurizador,5.7535739446229615,1.621273829124E12
false,4,ZG839,tanque,11.207077302972284,1.621273829527E12
true,5,9N65A,pasteurizador,8.126213193622192,1.621273830527E12
true,5,ZG839,tanque,18.75526353192063,1.621273830603E12
"","",XJCJ3,"","",1.621273835607E12
false,1,XJCJ3,tanque,10.712908323938668,1.621273836975E12
false,1,ZG839,pasteurizador,7.6019179713255305,1.621273837268E12
false,2,ZG839,pasteurizador,14.339739938756313,1.621273838617E12
false,2,XJCJ3,tanque,7.212139965920197,1.621273838638E12
false,3,XJCJ3,tanque,16.884800284200868,1.621273839831E12
false,3,ZG839,pasteurizador,18.561741287027942,1.621273840384E12
false,4,XJCJ3,tanque,10.373113381427821,1.621273841009E12
false,4,ZG839,pasteurizador,15.857478036713013,1.621273842196E12
true,5,XJCJ3,tanque,9.319414699995647,1.621273842928E12
true,5,ZG839,pasteurizador,11.505929469525999,1.621273843206E12
"","",IJSM8,"","",1.62127384793E12
false,1,IJSM8,tanque,14.396966765466013,1.62127384909E12
false,1,XJCJ3,pasteurizador,11.75408980418914,1.621273849587E12
false,2,IJSM8,tanque,17.09870731327289,1.621273850136E12
false,2,XJCJ3,pasteurizador,15.186038714783269,1.621273851362E12
false,3,IJSM8,tanque,5.6662212427509795,1.621273851891E12
false,3,XJCJ3,pasteurizador,8.724758602610775,1.621273853047E12
false,4,IJSM8,tanque,11.018496516162658,1.621273853575E12
false,4,XJCJ3,pasteurizador,14.95878248912205,1.621273854591E12
true,5,IJSM8,tanque,15.392216350746079,1.621273855013E12
true,5,XJCJ3,pasteurizador,6.543207881908607,1.621273855734E12
"","",TY4PD,"","",1.621273860018E12
false,1,TY4PD,tanque,10.36580642120822,1.621273861047E12
false,1,IJSM8,pasteurizador,7.784921927998666,1.621273861346E12
false,2,TY4PD,tanque,12.556389666865336,1.621273862665E12
false,2,IJSM8,pasteurizador,19.765140234243624,1.621273863243E12
false,3,TY4PD,tanque,15.283541851199276,1.621273864193E12
false,3,IJSM8,pasteurizador,13.13445185176981,1.621273864573E12
false,4,TY4PD,tanque,10.27626222989855,1.621273865502E12
false,4,IJSM8,pasteurizador,5.4793687985207225,1.621273865923E12
true,5,TY4PD,tanque,16.584638083532294,1.621273867409E12
true,5,IJSM8,pasteurizador,8.05084062301951,1.621273867529E12
"","",FZ3M6,"","",1.621273872411E12
false,1,TY4PD,pasteurizador,10.655937153524789,1.62127387344E12
false,1,FZ3M6,tanque,5.90942382552318,1.621273874187E12
false,2,TY4PD,pasteurizador,13.956138262330898,1.621273875215E12
false,2,FZ3M6,tanque,18.00396022699519,1.621273875916E12
false,3,TY4PD,pasteurizador,15.502833990200175,1.621273876867E12
false,3,FZ3M6,tanque,9.689128106814852,1.621273876949E12
false,4,FZ3M6,tanque,19.52377465074771,1.621273878159E12
false,4,TY4PD,pasteurizador,15.273794478105971,1.621273878622E12
true,5,FZ3M6,tanque,7.758311387285156,1.62127387927E12
true,5,TY4PD,pasteurizador,10.21840058364429,1.621273880554E12
"","",9C4SQ,"","",1.621273884273E12
false,1,9C4SQ,tanque,16.795374527777668,1.62127388547E12
false,1,FZ3M6,pasteurizador,9.950107595747946,1.621273885952E12
false,2,9C4SQ,tanque,11.413004028990288,1.621273886815E12
false,2,FZ3M6,pasteurizador,15.448185282268916,1.621273887932E12
false,3,9C4SQ,tanque,19.614806760730623,1.621273888338E12
false,3,FZ3M6,pasteurizador,9.824217500457356,1.621273889453E12
false,4,9C4SQ,tanque,17.95468632664101,1.621273889941E12
false,4,FZ3M6,pasteurizador,7.370217412955964,1.621273890843E12
true,5,9C4SQ,tanque,17.388242463892873,1.621273891923E12
true,5,FZ3M6,pasteurizador,9.650200313647163,1.621273892051E12
"","",FLJWJ,"","",1.621273896926E12
false,1,FLJWJ,tanque,12.812727373256815,1.621273898132E12
false,1,9C4SQ,pasteurizador,19.276264611341528,1.621273898396E12
false,2,FLJWJ,tanque,13.6975207674977,1.621273899617E12
false,2,9C4SQ,pasteurizador,10.635716711603994,1.621273900223E12
false,3,FLJWJ,tanque,12.230056122774315,1.621273901499E12
false,3,9C4SQ,pasteurizador,16.922408111420346,1.621273901525E12
false,4,FLJWJ,tanque,6.697528672561038,1.621273903021E12
false,4,9C4SQ,pasteurizador,6.206187421647279,1.621273903278E12
true,5,FLJWJ,tanque,14.58889725807477,1.621273904644E12
true,5,9C4SQ,pasteurizador,15.862488143828122,1.621273905182E12
"","",NZHXW,"","",1.621273909647E12
false,1,NZHXW,tanque,14.142813866610531,1.621273910816E12
false,1,FLJWJ,pasteurizador,5.819925204037929,1.62127391158E12
false,2,NZHXW,tanque,9.96383344752638,1.621273912807E12
false,2,FLJWJ,pasteurizador,9.129103797919402,1.621273913514E12
false,3,NZHXW,tanque,10.66883381258432,1.621273914174E12
false,3,FLJWJ,pasteurizador,14.831634825825,1.621273915112E12
false,4,NZHXW,tanque,17.98798901982059,1.621273916074E12
false,4,FLJWJ,pasteurizador,10.213214716059557,1.621273916829E12
true,5,NZHXW,tanque,6.0271316887137,1.621273917416E12
true,5,FLJWJ,pasteurizador,12.662095155795178,1.621273918311E12
"","",7RGY6,"","",1.621273922419E12
false,1,7RGY6,tanque,14.296783040304696,1.621273923535E12
false,1,NZHXW,pasteurizador,10.0773569463874,1.621273924038E12
false,2,7RGY6,tanque,17.176264589228772,1.621273925041E12
false,2,NZHXW,pasteurizador,15.607974150718752,1.621273925884E12
false,3,7RGY6,tanque,17.234510849317154,1.621273926514E12
false,3,NZHXW,pasteurizador,12.607111558811095,1.621273927133E12
false,4,7RGY6,tanque,18.588241815362295,1.621273927858E12
false,4,NZHXW,pasteurizador,14.344485719770478,1.621273928774E12
true,5,7RGY6,tanque,9.438915042807556,1.62127392901E12
true,5,NZHXW,pasteurizador,11.39116173836591,1.621273930759E12
"","",6H8JB,"","",1.621273934014E12
false,1,7RGY6,pasteurizador,14.19511642347199,1.62127393502E12
false,1,6H8JB,tanque,9.517029216289863,1.621273935515E12
false,2,7RGY6,pasteurizador,19.22376194383096,1.621273936362E12
false,2,6H8JB,tanque,10.082604180138855,1.621273937247E12
false,3,7RGY6,pasteurizador,16.357007025331278,1.621273938275E12
false,3,6H8JB,tanque,16.08930299545802,1.621273938424E12
false,4,6H8JB,tanque,17.337049527964027,1.621273939826E12
false,4,7RGY6,pasteurizador,19.12395631801828,1.621273939885E12
true,5,7RGY6,pasteurizador,5.228327148732549,1.621273940993E12
true,5,6H8JB,tanque,6.924133680231948,1.621273941167E12
"","",I5USS,"","",1.62127394617E12
false,1,6H8JB,pasteurizador,13.908818610574144,1.621273947492E12
false,1,I5USS,tanque,8.524109423167518,1.621273947947E12
false,2,6H8JB,pasteurizador,13.874415722288239,1.621273948578E12
false,2,I5USS,tanque,19.256667927123786,1.62127394914E12
false,3,6H8JB,pasteurizador,14.905509916710905,1.621273949962E12
false,3,I5USS,tanque,16.923910011802164,1.621273950331E12
false,4,6H8JB,pasteurizador,12.066017727435597,1.621273951422E12
false,4,I5USS,tanque,6.216305261213097,1.621273952245E12
true,5,6H8JB,pasteurizador,18.19122113540715,1.621273952474E12
true,5,I5USS,tanque,8.551033588576068,1.621273953998E12
"","",YU07V,"","",1.621273958999E12
false,1,YU07V,tanque,18.42664069485889,1.62127396038E12
false,1,I5USS,pasteurizador,17.297671926778044,1.621273960445E12
false,2,YU07V,tanque,16.548365607619075,1.621273961766E12
false,2,I5USS,pasteurizador,18.241445337246212,1.621273962249E12
false,3,YU07V,tanque,13.020235583739645,1.621273963395E12
false,3,I5USS,pasteurizador,10.576569049136337,1.62127396367E12
false,4,YU07V,tanque,11.883746931311427,1.621273964688E12
false,4,I5USS,pasteurizador,14.009000335682389,1.621273964982E12
true,5,I5USS,pasteurizador,14.639513931376078,1.621273966549E12
true,5,YU07V,tanque,11.497795316310283,1.62127396667E12
"","",VN9KW,"","",1.621273971675E12
false,1,YU07V,pasteurizador,11.040842408553852,1.621273972728E12
false,1,VN9KW,tanque,7.8560477482825135,1.621273972813E12
false,2,YU07V,pasteurizador,10.333040956443725,1.621273973912E12
false,2,VN9KW,tanque,11.096622795520487,1.621273974203E12
false,3,YU07V,pasteurizador,15.596720753989587,1.621273975227E12
false,3,VN9KW,tanque,7.820401696365829,1.6212739754E12
false,4,YU07V,pasteurizador,8.009423528413988,1.621273976421E12
false,4,VN9KW,tanque,8.97656735380262,1.621273976713E12
true,5,YU07V,pasteurizador,8.318514318987141,1.621273978038E12
true,5,VN9KW,tanque,13.791084012188144,1.621273978084E12
"","",O24QG,"","",1.621273983087E12
false,1,O24QG,tanque,6.966197004710002,1.621273984605E12
false,1,VN9KW,pasteurizador,11.902522840657175,1.621273984994E12
false,2,O24QG,tanque,17.44016895782901,1.62127398563E12
false,2,VN9KW,pasteurizador,19.14497306768331,1.62127398641E12
false,3,O24QG,tanque,14.66187466068768,1.621273987023E12
false,3,VN9KW,pasteurizador,18.09503678578608,1.621273987492E12
false,4,O24QG,tanque,12.09030802181781,1.621273988606E12
false,4,VN9KW,pasteurizador,9.446150599042047,1.621273988952E12
true,5,O24QG,tanque,7.472895403749986,1.621273989694E12
true,5,VN9KW,pasteurizador,19.1180582075527,1.621273990744E12
"","",X0UGI,"","",1.621273994696E12
false,1,O24QG,pasteurizador,9.982565668435154,1.62127399632E12
false,1,X0UGI,tanque,8.354275008516655,1.62127399668E12
false,2,O24QG,pasteurizador,15.940528824868096,1.621273997764E12
false,2,X0UGI,tanque,6.599605125894334,1.621273998349E12
false,3,O24QG,pasteurizador,13.795213341321183,1.621273999037E12
false,4,O24QG,pasteurizador,5.7733571614575645,1.621274000147E12
false,3,X0UGI,tanque,5.159521870776049,1.621274000309E12
"","",MODY6,"","",1.62127400051E12
false,4,X0UGI,tanque,19.1979568553529,1.621274001393E12
true,5,O24QG,pasteurizador,6.402189805707216,1.621274001701E12
false,1,MODY6,tanque,13.35470313163749,1.621274002357E12
true,5,X0UGI,tanque,15.06732116196147,1.621274002539E12
false,2,MODY6,tanque,6.549435090101423,1.621274003645E12
false,3,MODY6,tanque,16.839629343948058,1.621274005396E12
false,4,MODY6,tanque,15.017578574314747,1.621274006623E12
"","",QSESQ,"","",1.621274007545E12
true,5,MODY6,tanque,8.017821856749084,1.621274008047E12
false,1,X0UGI,pasteurizador,8.458074108622696,1.621274009074E12
false,1,QSESQ,tanque,13.481352396484173,1.621274009177E12
false,2,X0UGI,pasteurizador,19.239867684068496,1.621274010156E12
false,2,QSESQ,tanque,13.121932186606328,1.621274010879E12
false,3,X0UGI,pasteurizador,8.632230502109223,1.621274011812E12
false,3,QSESQ,tanque,10.426721306678582,1.621274012019E12
"","",35GV9,"","",1.621274013049E12
false,4,QSESQ,tanque,11.740401310595326,1.621274013102E12
false,4,X0UGI,pasteurizador,10.635208319421782,1.621274013528E12
false,1,MODY6,pasteurizador,10.554470866592554,1.621274014388E12
true,5,QSESQ,tanque,19.74658697940944,1.621274014469E12
false,1,35GV9,tanque,10.884516478171303,1.621274014588E12
true,5,X0UGI,pasteurizador,11.202676889463246,1.621274014926E12
false,2,MODY6,pasteurizador,9.128154298785393,1.621274015831E12
false,2,35GV9,tanque,15.717441911843947,1.621274016059E12
false,3,35GV9,tanque,14.588584877476734,1.621274017257E12
false,3,MODY6,pasteurizador,16.553925756038648,1.621274017704E12
false,4,MODY6,pasteurizador,5.501200227673283,1.621274019014E12
false,4,35GV9,tanque,18.8086360759986,1.621274019098E12
"","",NDMYD,"","",1.621274019472E12
true,5,MODY6,pasteurizador,9.388886130704243,1.621274020519E12
true,5,35GV9,tanque,9.772232735260465,1.621274020621E12
false,1,QSESQ,pasteurizador,13.084550414672586,1.621274021134E12
false,1,NDMYD,tanque,8.749455759516657,1.621274021151E12
false,2,NDMYD,tanque,15.540220832778346,1.621274022562E12
false,2,QSESQ,pasteurizador,14.60382935505181,1.621274022648E12
false,3,NDMYD,tanque,7.364388346873012,1.621274023635E12
"","",TQ5HP,"","",1.621331146103E12
false,1,TQ5HP,tanque,17.778034217725896,1.621331147271E12
false,2,TQ5HP,tanque,6.108848238100281,1.621331149081E12
false,3,TQ5HP,tanque,15.213693820303694,1.621331150374E12
false,4,TQ5HP,tanque,11.4098834577611,1.621331152038E12
true,5,TQ5HP,tanque,10.197916157295731,1.621331153337E12
"","",MNRTH,"","",1.621331158346E12
false,1,TQ5HP,pasteurizador,13.306375134901531,1.621331160314E12
false,1,MNRTH,tanque,9.295982200906039,1.621331160333E12
false,2,MNRTH,tanque,8.125158003760337,1.621331161708E12
false,2,TQ5HP,pasteurizador,9.708301334523219,1.62133116223E12
false,3,MNRTH,tanque,18.72319512825181,1.621331163276E12
false,3,TQ5HP,pasteurizador,17.75723905089211,1.621331163788E12
false,4,TQ5HP,pasteurizador,18.216542730925752,1.621331164929E12
false,4,MNRTH,tanque,5.98371555892262,1.621331165056E12
true,5,TQ5HP,pasteurizador,12.558937900033031,1.621331166574E12
true,5,MNRTH,tanque,12.099684423528515,1.621331166713E12
"","",V2G8V,"","",1.621331171719E12
false,1,V2G8V,tanque,18.36996521890491,1.62133117322E12
false,1,MNRTH,pasteurizador,6.694187808662985,1.621331173547E12
false,2,V2G8V,tanque,16.538325678315417,1.621331174264E12
false,2,MNRTH,pasteurizador,8.294458295960785,1.621331174687E12
false,3,MNRTH,pasteurizador,18.592158139249293,1.621331176062E12
false,3,V2G8V,tanque,14.901763875720516,1.62133117621E12
false,4,V2G8V,tanque,19.146102507828395,1.621331177693E12
false,4,MNRTH,pasteurizador,18.433435000784918,1.621331177994E12
true,5,V2G8V,tanque,13.933197833744115,1.621331179411E12
true,5,MNRTH,pasteurizador,16.362203566029535,1.621331179538E12
"","",K4IZZ,"","",1.621331184416E12
false,1,K4IZZ,tanque,12.326453432336267,1.62133118556E12
false,1,V2G8V,pasteurizador,12.548269652140007,1.621331186144E12
false,2,K4IZZ,tanque,9.473957924876908,1.621331186601E12
false,3,K4IZZ,tanque,14.615942970316931,1.621331187773E12
false,2,V2G8V,pasteurizador,19.2053772768208,1.621331188051E12
false,3,V2G8V,pasteurizador,11.782761178380072,1.621331189061E12
false,4,K4IZZ,tanque,5.868076395555163,1.621331189485E12
false,4,V2G8V,pasteurizador,6.161920997241623,1.621331190903E12
true,5,K4IZZ,tanque,19.829846536115245,1.621331191133E12
true,5,V2G8V,pasteurizador,17.18046309000799,1.621331192514E12
"","",C6HE4,"","",1.621331196149E12
false,1,K4IZZ,pasteurizador,6.117557201187194,1.621331197197E12
false,1,C6HE4,tanque,9.706544747643758,1.621331197998E12
false,2,K4IZZ,pasteurizador,10.537824700693708,1.621331198769E12
false,2,C6HE4,tanque,9.966213663693964,1.621331199287E12
false,3,K4IZZ,pasteurizador,10.243947593807553,1.621331200428E12
false,3,C6HE4,tanque,6.477107945264574,1.621331201208E12
false,4,C6HE4,tanque,12.450720350245335,1.621331202315E12
false,4,K4IZZ,pasteurizador,18.984241948579424,1.621331202429E12
true,5,C6HE4,tanque,19.464168703803463,1.621331203352E12
true,5,K4IZZ,pasteurizador,18.008140985189847,1.621331203907E12
"","",XXVMF,"","",1.621331208355E12
false,1,C6HE4,pasteurizador,5.004819328669576,1.621331209679E12
false,1,XXVMF,tanque,8.791372686269257,1.621331209695E12
false,2,C6HE4,pasteurizador,14.059074245953534,1.621331211328E12
false,2,XXVMF,tanque,7.605343399912176,1.621331211454E12
false,3,C6HE4,pasteurizador,7.8180476488849235,1.621331212387E12
false,3,XXVMF,tanque,11.312080885203851,1.6213312132E12
false,4,C6HE4,pasteurizador,8.88606170534257,1.621331213989E12
false,4,XXVMF,tanque,18.62860735666562,1.62133121439E12
true,5,C6HE4,pasteurizador,15.650736111993545,1.6213312152E12
true,5,XXVMF,tanque,16.387467219142735,1.621331216252E12
"","",0RC88,"","",1.621331221258E12
false,1,XXVMF,pasteurizador,9.572863679353041,1.621331222394E12
false,1,0RC88,tanque,8.663860170795004,1.621331222895E12
false,2,XXVMF,pasteurizador,7.224691771274139,1.621331223827E12
false,2,0RC88,tanque,12.665039981437147,1.621331223989E12
false,3,0RC88,tanque,14.459910968597786,1.621331225297E12
false,3,XXVMF,pasteurizador,7.09721064666494,1.621331225423E12
false,4,0RC88,tanque,14.102493848944809,1.621331227103E12
false,4,XXVMF,pasteurizador,17.825355629757517,1.621331227269E12
true,5,0RC88,tanque,18.1452093659697,1.621331228283E12
true,5,XXVMF,pasteurizador,10.000998120920922,1.62133122878E12
"","",YET3R,"","",1.621331233285E12
false,1,0RC88,pasteurizador,9.602250011630245,1.62133123435E12
false,1,YET3R,tanque,7.865296330327773,1.621331234446E12
false,2,0RC88,pasteurizador,13.648664105887363,1.621331235409E12
false,2,YET3R,tanque,14.1445700383102,1.621331236145E12
false,3,0RC88,pasteurizador,5.553638805598448,1.621331236755E12
false,3,YET3R,tanque,5.512715663109704,1.621331237963E12
false,4,0RC88,pasteurizador,8.563570885122102,1.621331238446E12
false,4,YET3R,tanque,11.285592343424785,1.621331239165E12
true,5,0RC88,pasteurizador,14.32502808747311,1.621331239783E12
true,5,YET3R,tanque,12.333273971169785,1.62133124077E12
"","",74CA5,"","",1.621331244792E12
"","",T4BFA,"","",1.621331245777E12
false,1,74CA5,tanque,7.302163077910362,1.621331246742E12
false,1,YET3R,pasteurizador,8.953729609666372,1.621331247037E12
false,1,T4BFA,tanque,9.69479700512445,1.621331247214E12
false,2,74CA5,tanque,8.685530490585224,1.621331247971E12
false,2,YET3R,pasteurizador,12.868197760219697,1.621331248869E12
false,2,T4BFA,tanque,11.7486353940466,1.621331249116E12
false,3,74CA5,tanque,15.683445032729683,1.621331249683E12
false,3,YET3R,pasteurizador,6.9962646628902805,1.621331250258E12
false,3,T4BFA,tanque,15.61539286197663,1.621331250918E12
false,4,YET3R,pasteurizador,6.196375204551603,1.62133125154E12
false,4,74CA5,tanque,16.560421455216552,1.621331251634E12
false,4,T4BFA,tanque,16.170240587444578,1.621331252634E12
true,5,74CA5,tanque,13.66867131469377,1.621331252787E12
true,5,YET3R,pasteurizador,7.19235567933479,1.62133125298E12
true,5,T4BFA,tanque,14.649050122493039,1.621331253775E12
"","",AILL1,"","",1.62133125779E12
"","",GQBUC,"","",1.621331258781E12
false,1,AILL1,tanque,6.912254213446523,1.621331259206E12
false,1,74CA5,pasteurizador,15.844422437081983,1.621331259454E12
false,1,GQBUC,tanque,9.368367080737311,1.62133125991E12
false,1,T4BFA,pasteurizador,13.201256338468394,1.621331260244E12
false,2,AILL1,tanque,14.051585615744052,1.621331260457E12
false,2,74CA5,pasteurizador,14.53342613642495,1.621331260837E12
false,2,GQBUC,tanque,12.313262229015828,1.621331261392E12
false,3,AILL1,tanque,13.249991094531145,1.621331262087E12
false,2,T4BFA,pasteurizador,6.179281515320195,1.6213312621E12
false,3,74CA5,pasteurizador,12.07670435505235,1.621331262384E12
false,3,GQBUC,tanque,15.324350703561011,1.62133126287E12
false,4,AILL1,tanque,13.581807080443648,1.621331263163E12
false,3,T4BFA,pasteurizador,10.605266073541792,1.621331263473E12
false,4,GQBUC,tanque,13.152088570290847,1.621331264086E12
false,4,74CA5,pasteurizador,5.744178610740183,1.621331264093E12
true,5,AILL1,tanque,8.506274230604046,1.621331264775E12
false,4,T4BFA,pasteurizador,11.98104953732406,1.621331265215E12
true,5,74CA5,pasteurizador,15.793192422795247,1.621331265783E12
true,5,GQBUC,tanque,13.7272342432481,1.621331266022E12
true,5,T4BFA,pasteurizador,5.392947432273565,1.621331266385E12
"","",Z9XPR,"","",1.621331269781E12
false,1,AILL1,pasteurizador,7.724196063430861,1.621331270854E12
"","",RKIM6,"","",1.621331271027E12
false,1,Z9XPR,tanque,6.330428863813362,1.6213312716E12
false,2,AILL1,pasteurizador,19.934620550608585,1.62133127209E12
false,1,GQBUC,pasteurizador,10.276798278768746,1.6213312727E12
false,1,RKIM6,tanque,11.748546924112995,1.621331272702E12
false,2,Z9XPR,tanque,13.614745908779643,1.62133127344E12
false,3,AILL1,pasteurizador,15.141661040714249,1.621331274043E12
false,2,GQBUC,pasteurizador,13.28704272932264,1.621331274516E12
false,2,RKIM6,tanque,15.4776408242657,1.621331274567E12
false,3,Z9XPR,tanque,12.58116968465608,1.621331275157E12
false,4,AILL1,pasteurizador,15.165966956989019,1.621331275699E12
false,3,RKIM6,tanque,10.547951635103788,1.621331276132E12
false,3,GQBUC,pasteurizador,6.9675898562530145,1.621331276229E12
false,4,Z9XPR,tanque,16.8695613799741,1.621331277006E12
true,5,AILL1,pasteurizador,19.081591115537673,1.621331277043E12
false,4,RKIM6,tanque,13.78188719427173,1.621331277143E12
false,4,GQBUC,pasteurizador,14.07914310938828,1.621331277764E12
true,5,Z9XPR,tanque,14.638346053239617,1.621331278157E12
true,5,RKIM6,tanque,10.05075374755646,1.621331278936E12
true,5,GQBUC,pasteurizador,9.251391783272465,1.621331279053E12
"","",XC3XP,"","",1.621331283162E12
"","",BMAVK,"","",1.621331283941E12
false,1,Z9XPR,pasteurizador,13.87623054637761,1.621331284493E12
false,1,XC3XP,tanque,5.315952708555944,1.621331284544E12
false,1,RKIM6,pasteurizador,13.28634367936483,1.621331284948E12
false,1,BMAVK,tanque,7.685385621472898,1.621331285517E12
false,2,XC3XP,tanque,7.810747532823545,1.621331286001E12
false,2,RKIM6,pasteurizador,7.2718751674606406,1.621331286064E12
false,2,Z9XPR,pasteurizador,8.855525061127018,1.621331286141E12
false,2,BMAVK,tanque,15.675570377205403,1.62133128694E12
false,3,RKIM6,pasteurizador,17.87326882938898,1.621331287108E12
false,3,XC3XP,tanque,5.070811197008651,1.621331287142E12
false,3,Z9XPR,pasteurizador,19.106289458247332,1.621331288082E12
false,4,RKIM6,pasteurizador,13.160779006788243,1.621331288603E12
false,3,BMAVK,tanque,19.200859681519752,1.621331288692E12
false,4,XC3XP,tanque,18.202640904989504,1.621331289081E12
false,4,Z9XPR,pasteurizador,6.998035557337005,1.621331289694E12
true,5,RKIM6,pasteurizador,8.057020264893746,1.621331290211E12
false,4,BMAVK,tanque,18.71957780653927,1.621331290305E12
true,5,XC3XP,tanque,16.845847780228524,1.621331291044E12
true,5,Z9XPR,pasteurizador,6.063556736544652,1.62133129107E12
true,5,BMAVK,tanque,11.355824311634713,1.621331292058E12
"","",34O1B,"","",1.621331296047E12
"","",V9WXT,"","",1.621331297061E12
false,1,34O1B,tanque,19.294978794464356,1.621331297723E12
false,1,XC3XP,pasteurizador,5.047904066227572,1.621331298048E12
false,1,BMAVK,pasteurizador,17.357425353904794,1.621331298128E12
false,1,V9WXT,tanque,14.83247730385837,1.621331298165E12
false,2,XC3XP,pasteurizador,10.280185102646126,1.621331299185E12
false,2,34O1B,tanque,12.326344722676703,1.621331299654E12
false,2,V9WXT,tanque,10.607190981192613,1.62133129979E12
false,2,BMAVK,pasteurizador,13.079258858185883,1.621331300083E12
false,3,XC3XP,pasteurizador,5.503994589088812,1.621331300832E12
false,3,34O1B,tanque,13.27962977587713,1.621331300976E12
false,3,V9WXT,tanque,12.387044289032353,1.621331301514E12
false,3,BMAVK,pasteurizador,8.978313607976322,1.621331301867E12
false,4,XC3XP,pasteurizador,18.978777087351762,1.621331302242E12
false,4,34O1B,tanque,10.209644914280858,1.621331302495E12
false,4,V9WXT,tanque,7.079771972742634,1.6213313027E12
true,5,XC3XP,pasteurizador,15.404539050801352,1.621331303429E12
false,4,BMAVK,pasteurizador,5.302997130635724,1.62133130349E12
true,5,34O1B,tanque,14.270749535326889,1.621331303545E12
true,5,V9WXT,tanque,15.827809991796782,1.621331304657E12
true,5,BMAVK,pasteurizador,12.86807930583123,1.621331305218E12
"","",QYHK3,"","",1.621331308549E12
false,1,QYHK3,tanque,16.542925509836422,1.621331309596E12
"","",7JMFE,"","",1.62133130966E12
false,1,34O1B,pasteurizador,17.464396459770697,1.621331310493E12
false,1,7JMFE,tanque,11.785977462371905,1.621331311268E12
false,2,QYHK3,tanque,7.2346905869038425,1.621331311519E12
false,1,V9WXT,pasteurizador,15.27961810042917,1.621331311565E12
false,2,34O1B,pasteurizador,6.153449361095246,1.621331311769E12
false,2,7JMFE,tanque,8.606633183696344,1.621331312419E12
false,3,QYHK3,tanque,9.490647840923373,1.621331313039E12
false,2,V9WXT,pasteurizador,12.11128001945869,1.621331313157E12
false,3,34O1B,pasteurizador,18.203099618536584,1.621331313514E12
false,3,7JMFE,tanque,11.374578323510145,1.621331313664E12
false,4,QYHK3,tanque,6.6190814450216315,1.621331314557E12
false,4,34O1B,pasteurizador,10.623556584097742,1.62133131478E12
false,3,V9WXT,pasteurizador,6.211291702467488,1.621331315098E12
false,4,7JMFE,tanque,10.96796463445043,1.621331315281E12
true,5,QYHK3,tanque,14.848815058185465,1.621331316071E12
true,5,34O1B,pasteurizador,12.959559067044221,1.621331316417E12
false,4,V9WXT,pasteurizador,17.23735445009075,1.621331316429E12
true,5,7JMFE,tanque,14.11181911628855,1.621331316998E12
true,5,V9WXT,pasteurizador,9.85241292048878,1.621331317507E12
"","",JHFMM,"","",1.621331321078E12
"","",EGKEZ,"","",1.621331322004E12
false,1,JHFMM,tanque,9.53834660833954,1.621331322423E12
false,1,QYHK3,pasteurizador,17.3969238909373,1.621331322754E12
false,1,7JMFE,pasteurizador,16.69010643114818,1.621331323522E12
false,1,EGKEZ,tanque,14.196659890638653,1.621331323665E12
false,2,JHFMM,tanque,5.485585825526642,1.621331323821E12
false,2,QYHK3,pasteurizador,19.13768583569534,1.621331323897E12
false,3,QYHK3,pasteurizador,13.263574148791163,1.62133132497E12
false,2,EGKEZ,tanque,18.618668586528422,1.621331325022E12
false,2,7JMFE,pasteurizador,9.754482314869898,1.621331325086E12
false,3,JHFMM,tanque,15.543542005064978,1.621331325732E12
false,3,7JMFE,pasteurizador,8.96264626756928,1.621331326177E12
false,4,QYHK3,pasteurizador,18.751846604698002,1.621331326591E12
false,4,JHFMM,tanque,7.445447052517862,1.621331326818E12
false,3,EGKEZ,tanque,9.004174958887766,1.621331326957E12
true,5,QYHK3,pasteurizador,14.257397617278052,1.621331327643E12
false,4,EGKEZ,tanque,16.01181158446008,1.621331327977E12
false,4,7JMFE,pasteurizador,19.534229486959777,1.62133132812E12
true,5,JHFMM,tanque,18.906883632153924,1.621331328217E12
true,5,7JMFE,pasteurizador,18.16918407140666,1.621331329253E12
true,5,EGKEZ,tanque,13.11399745608935,1.621331329615E12
"","",QXJK5,"","",1.621331333219E12
false,1,QXJK5,tanque,12.10340164160675,1.621331334398E12
"","",776S7,"","",1.621331334617E12
false,1,JHFMM,pasteurizador,18.390828345766856,1.621331334657E12
false,1,776S7,tanque,10.61118426113604,1.621331335767E12
false,1,EGKEZ,pasteurizador,10.543554437455047,1.621331335911E12
false,2,JHFMM,pasteurizador,15.295529290472237,1.621331335978E12
false,2,QXJK5,tanque,16.22915545524942,1.621331336008E12
false,3,QXJK5,tanque,14.538118039297222,1.621331337219E12
false,3,JHFMM,pasteurizador,15.76220288477999,1.621331337281E12
false,2,776S7,tanque,8.146658908661262,1.621331337512E12
false,2,EGKEZ,pasteurizador,15.802360188728823,1.621331337853E12
false,4,QXJK5,tanque,11.448781296602311,1.621331338253E12
false,4,JHFMM,pasteurizador,6.920178022768542,1.621331338863E12
false,3,EGKEZ,pasteurizador,11.512094077280928,1.621331339221E12
false,3,776S7,tanque,11.603494261128098,1.621331339455E12
true,5,QXJK5,tanque,14.949844054199477,1.621331339547E12
false,4,776S7,tanque,9.545221527501232,1.621331340552E12
false,4,EGKEZ,pasteurizador,11.173477077356607,1.621331340608E12
true,5,JHFMM,pasteurizador,13.644858288017316,1.621331340651E12
true,5,EGKEZ,pasteurizador,17.89823102322424,1.621331342152E12
true,5,776S7,tanque,16.83971519151597,1.621331342331E12
"","",PAKRL,"","",1.62133134455E12
false,1,PAKRL,tanque,5.57930363509886,1.621331345739E12
false,1,QXJK5,pasteurizador,12.391883338697873,1.62133134643E12
"","",HFVE8,"","",1.621331347332E12
false,2,PAKRL,tanque,13.660345691360034,1.621331347405E12
false,2,QXJK5,pasteurizador,16.3130352470289,1.621331348113E12
false,3,PAKRL,tanque,5.494795129203655,1.62133134899E12
false,1,776S7,pasteurizador,5.225254952565105,1.621331349093E12
false,1,HFVE8,tanque,14.428772366932781,1.621331349233E12
false,3,QXJK5,pasteurizador,6.7971892493283805,1.621331349671E12
false,4,PAKRL,tanque,7.709178131978699,1.621331350273E12
false,2,HFVE8,tanque,11.36783313413487,1.621331350439E12
false,2,776S7,pasteurizador,13.948944496039177,1.621331350696E12
false,4,QXJK5,pasteurizador,12.41963928291498,1.621331351528E12
false,3,HFVE8,tanque,16.02711297198406,1.621331351756E12
true,5,PAKRL,tanque,10.32938113316071,1.621331352248E12
false,3,776S7,pasteurizador,19.777254941787902,1.621331352419E12
true,5,QXJK5,pasteurizador,6.304005232994418,1.621331352684E12
false,4,HFVE8,tanque,5.220341271078809,1.621331353152E12
false,4,776S7,pasteurizador,15.57683618930158,1.621331354176E12
true,5,HFVE8,tanque,19.826274325398117,1.621331354562E12
true,5,776S7,pasteurizador,17.839889493595173,1.62133135603E12
"","",W22YZ,"","",1.621331357255E12
false,1,W22YZ,tanque,11.914948537786643,1.621331358848E12
false,1,PAKRL,pasteurizador,12.046578500492753,1.621331359186E12
"","",OSZ89,"","",1.621331359565E12
false,2,W22YZ,tanque,18.78159132403709,1.621331360144E12
false,1,OSZ89,tanque,11.626395431541281,1.62133136104E12
false,2,PAKRL,pasteurizador,17.88543357616326,1.621331361104E12
false,1,HFVE8,pasteurizador,8.84513232726273,1.621331361316E12
false,3,W22YZ,tanque,12.218323160082921,1.621331361847E12
false,3,PAKRL,pasteurizador,7.325718847075086,1.621331362487E12
false,2,HFVE8,pasteurizador,11.692631170097929,1.621331362556E12
false,2,OSZ89,tanque,10.34107128247754,1.62133136295E12
false,4,W22YZ,tanque,15.235038302846636,1.621331363595E12
false,3,HFVE8,pasteurizador,11.810471970766962,1.621331363895E12
false,4,PAKRL,pasteurizador,18.936908096183686,1.621331364465E12
false,3,OSZ89,tanque,18.98636588269472,1.621331364932E12
true,5,W22YZ,tanque,19.309625001974133,1.621331365546E12
false,4,HFVE8,pasteurizador,13.741642398252502,1.62133136574E12
false,4,OSZ89,tanque,11.488075151072326,1.621331366023E12
true,5,PAKRL,pasteurizador,15.703300647325172,1.621331366268E12
true,5,HFVE8,pasteurizador,17.80720602454162,1.621331366881E12
true,5,OSZ89,tanque,17.31722508483101,1.621331367343E12
"","",7SSXM,"","",1.621331370552E12
false,1,7SSXM,tanque,17.622022214898408,1.621331372064E12
"","",D9YDB,"","",1.621331372349E12
false,1,W22YZ,pasteurizador,19.55671372009228,1.621331372432E12
false,2,7SSXM,tanque,7.363653173657574,1.62133137327E12
false,1,D9YDB,tanque,14.42772942210759,1.621331373919E12
false,1,OSZ89,pasteurizador,16.133042068567736,1.62133137414E12
false,2,W22YZ,pasteurizador,19.682081895596575,1.621331374422E12
false,3,7SSXM,tanque,5.152992235873791,1.6213313751E12
false,2,D9YDB,tanque,8.82540066331477,1.621331375685E12
false,2,OSZ89,pasteurizador,8.410738073888494,1.621331376081E12
false,3,W22YZ,pasteurizador,17.660825567163286,1.621331376418E12
false,4,7SSXM,tanque,6.1837395936592525,1.621331376798E12
false,3,D9YDB,tanque,8.560261133511212,1.621331376881E12
false,3,OSZ89,pasteurizador,15.984940784157459,1.621331377415E12
false,4,W22YZ,pasteurizador,8.90755586452979,1.621331378229E12
true,5,7SSXM,tanque,17.291506535474245,1.621331378439E12
false,4,D9YDB,tanque,6.157856926994719,1.621331378733E12
false,4,OSZ89,pasteurizador,18.183385598740216,1.621331379305E12
true,5,W22YZ,pasteurizador,12.344836654872896,1.621331379778E12
true,5,D9YDB,tanque,5.9118496726885805,1.621331379995E12
true,5,OSZ89,pasteurizador,12.511526596771803,1.621331381205E12
"","",HR3G3,"","",1.621331383444E12
"","",2ZGNC,"","",1.621331385E12
false,1,HR3G3,tanque,5.78746402594252,1.621331385181E12
false,1,7SSXM,pasteurizador,18.68782954423245,1.621331385368E12
false,2,HR3G3,tanque,14.477947222500188,1.621331386261E12
false,1,D9YDB,pasteurizador,6.353375113353364,1.621331386824E12
false,1,2ZGNC,tanque,6.84149468973883,1.621331386893E12
false,2,7SSXM,pasteurizador,9.302678347754314,1.621331386936E12
false,3,HR3G3,tanque,7.128909790037029,1.621331387829E12
false,2,2ZGNC,tanque,5.253052123575484,1.621331388348E12
false,2,D9YDB,pasteurizador,5.429968583201243,1.621331388688E12
false,3,7SSXM,pasteurizador,10.613673260500898,1.621331388763E12
false,4,HR3G3,tanque,9.714258698225596,1.621331389188E12
false,3,2ZGNC,tanque,12.57856936256525,1.621331390103E12
false,4,7SSXM,pasteurizador,11.316950325876885,1.621331390254E12
false,3,D9YDB,pasteurizador,17.313241731384387,1.621331390296E12
true,5,HR3G3,tanque,10.149662222536117,1.621331390392E12
false,4,2ZGNC,tanque,11.56055784354181,1.621331391372E12
false,4,D9YDB,pasteurizador,15.048800908623065,1.621331391501E12
true,5,7SSXM,pasteurizador,13.004585963721526,1.621331391648E12
true,5,2ZGNC,tanque,14.811934672503469,1.621331392665E12
true,5,D9YDB,pasteurizador,10.889214435499355,1.62133139296E12
"","",MC5OR,"","",1.6213313954E12
false,1,MC5OR,tanque,15.712659682227466,1.621331396477E12
false,1,HR3G3,pasteurizador,13.558754274262835,1.621331397176E12
"","",VJI0U,"","",1.621331397667E12
false,2,MC5OR,tanque,11.527142461371836,1.621331398417E12
false,2,HR3G3,pasteurizador,17.58697856287261,1.621331398646E12
false,1,2ZGNC,pasteurizador,12.644588448387662,1.621331398815E12
false,1,VJI0U,tanque,19.874257728633538,1.621331399231E12
false,2,2ZGNC,pasteurizador,14.110444912272657,1.621331399945E12
false,3,MC5OR,tanque,16.598867334796175,1.621331400113E12
false,3,HR3G3,pasteurizador,12.46722415035308,1.621331400175E12
false,2,VJI0U,tanque,11.345843485567872,1.621331400549E12
false,4,MC5OR,tanque,16.214019326082262,1.621331401119E12
false,3,2ZGNC,pasteurizador,11.847676808910844,1.621331401504E12
false,4,HR3G3,pasteurizador,10.257191157086737,1.621331401778E12
true,5,MC5OR,tanque,8.660700399855783,1.6213314023E12
false,3,VJI0U,tanque,14.713792199432676,1.621331402487E12
true,5,HR3G3,pasteurizador,11.6845305319432,1.621331402858E12
false,4,2ZGNC,pasteurizador,12.55553900423813,1.621331403078E12
false,4,VJI0U,tanque,18.233637441670915,1.621331404153E12
true,5,2ZGNC,pasteurizador,7.679564134686276,1.621331404549E12
true,5,VJI0U,tanque,13.35099991147582,1.621331405297E12
"","",EN55L,"","",1.621331407306E12
false,1,MC5OR,pasteurizador,13.80666274027722,1.621331408549E12
false,1,EN55L,tanque,5.897548714295259,1.621331408849E12
false,2,MC5OR,pasteurizador,6.174824252189616,1.621331410247E12
false,2,EN55L,tanque,7.212317235867911,1.621331410278E12
"","",LBRTJ,"","",1.62133141031E12
false,3,MC5OR,pasteurizador,14.626211836340161,1.621331411617E12
false,3,EN55L,tanque,18.804369279355143,1.621331411736E12
false,1,LBRTJ,tanque,6.587205785267891,1.621331411801E12
false,1,VJI0U,pasteurizador,11.194913698823079,1.621331412078E12
false,4,EN55L,tanque,11.637013153804531,1.621331412879E12
false,4,MC5OR,pasteurizador,9.177096201065073,1.621331413435E12
false,2,LBRTJ,tanque,19.875621657148113,1.621331413605E12
false,2,VJI0U,pasteurizador,9.024295971012553,1.621331413667E12
true,5,EN55L,tanque,11.475605576609018,1.621331414316E12
true,5,MC5OR,pasteurizador,6.25580471997721,1.621331414577E12
false,3,VJI0U,pasteurizador,12.765564038831945,1.621331414977E12
false,3,LBRTJ,tanque,19.885712072434934,1.621331415347E12
false,4,VJI0U,pasteurizador,17.725103382675677,1.621331416255E12
false,4,LBRTJ,tanque,8.011833502268313,1.621331416565E12
true,5,VJI0U,pasteurizador,13.3178407808853,1.621331417401E12
true,5,LBRTJ,tanque,13.19277594970184,1.621331417747E12
"","",DVE3M,"","",1.621331419322E12
false,1,EN55L,pasteurizador,5.199558659935031,1.621331420426E12
false,1,DVE3M,tanque,19.380215475123823,1.621331420439E12
false,2,EN55L,pasteurizador,19.474956695964277,1.621331422105E12
false,2,DVE3M,tanque,6.7849856517012,1.621331422348E12
"","",QM92H,"","",1.621331422748E12
false,3,DVE3M,tanque,19.23445592612851,1.621331424031E12
false,3,EN55L,pasteurizador,6.809115676502787,1.621331424068E12
false,1,QM92H,tanque,13.194556754090804,1.62133142429E12
false,1,LBRTJ,pasteurizador,15.066641961326262,1.621331424724E12
false,4,DVE3M,tanque,5.793575727538406,1.621331425312E12
false,4,EN55L,pasteurizador,8.898278669654971,1.621331425994E12
false,2,QM92H,tanque,13.820787820037431,1.621331426124E12
false,2,LBRTJ,pasteurizador,14.046972949972066,1.62133142629E12
true,5,DVE3M,tanque,6.96553583296369,1.621331426654E12
false,3,QM92H,tanque,6.631191219735766,1.621331427346E12
true,5,EN55L,pasteurizador,16.341596382395068,1.62133142778E12
false,3,LBRTJ,pasteurizador,13.64288401988101,1.621331427908E12
false,4,QM92H,tanque,9.797383774268662,1.621331429096E12
false,4,LBRTJ,pasteurizador,17.481875968880942,1.621331429167E12
true,5,QM92H,tanque,8.811168797207348,1.62133143016E12
true,5,LBRTJ,pasteurizador,15.397519628044014,1.621331430493E12
"","",TG7LW,"","",1.621331431663E12
false,1,DVE3M,pasteurizador,8.862232718903819,1.621331433161E12
false,1,TG7LW,tanque,5.755437660061559,1.621331433619E12
false,2,DVE3M,pasteurizador,11.244519821645444,1.621331434371E12
"","",DJ87R,"","",1.621331435163E12
false,3,DVE3M,pasteurizador,10.784185988465705,1.621331435592E12
false,2,TG7LW,tanque,12.84665073568071,1.621331435621E12
false,3,TG7LW,tanque,7.991963479769558,1.621331436669E12
false,1,DJ87R,tanque,15.88989927607374,1.621331436849E12
false,1,QM92H,pasteurizador,7.735739129826602,1.621331437101E12
false,4,DVE3M,pasteurizador,13.821389040636138,1.621331437562E12
false,2,DJ87R,tanque,14.305464455177306,1.621331438455E12
false,4,TG7LW,tanque,12.555909958807495,1.621331438475E12
true,5,DVE3M,pasteurizador,16.920362098300338,1.621331438677E12
false,2,QM92H,pasteurizador,13.616551337825179,1.621331438808E12
true,5,TG7LW,tanque,5.2641847773140675,1.621331439585E12
false,3,DJ87R,tanque,10.508037977793586,1.621331439627E12
false,3,QM92H,pasteurizador,14.445464614437322,1.621331439965E12
false,4,DJ87R,tanque,11.630091954429407,1.621331441003E12
false,4,QM92H,pasteurizador,11.552133073663882,1.62133144146E12
true,5,DJ87R,tanque,6.922732689970786,1.621331442861E12
true,5,QM92H,pasteurizador,17.410185966763198,1.62133144288E12
"","",VHIMP,"","",1.621331444587E12
false,1,TG7LW,pasteurizador,8.996469778959426,1.621331445692E12
false,1,VHIMP,tanque,5.419941690754705,1.621331446197E12
false,2,TG7LW,pasteurizador,11.871563816113095,1.621331446753E12
false,2,VHIMP,tanque,8.75350941712359,1.621331447673E12
"","",M95OE,"","",1.621331447863E12
false,3,TG7LW,pasteurizador,7.501222575468407,1.621331448244E12
false,1,DJ87R,pasteurizador,13.52186775567269,1.621331449051E12
false,3,VHIMP,tanque,9.355841167565288,1.621331449121E12
false,4,TG7LW,pasteurizador,19.66929181752775,1.621331449617E12
false,1,M95OE,tanque,18.439182548849928,1.621331449656E12
false,4,VHIMP,tanque,19.282314783037716,1.621331450375E12
false,2,DJ87R,pasteurizador,16.435892006054992,1.621331450771E12
false,2,M95OE,tanque,16.236977553847254,1.62133145111E12
true,5,TG7LW,pasteurizador,11.821112022552551,1.621331451618E12
true,5,VHIMP,tanque,10.628539454581048,1.621331451694E12
false,3,DJ87R,pasteurizador,8.55135106667349,1.621331452066E12
false,3,M95OE,tanque,19.35165354818752,1.621331452817E12
false,4,DJ87R,pasteurizador,10.5417618444724,1.621331453941E12
false,4,M95OE,tanque,14.551074370184441,1.621331454059E12
true,5,DJ87R,pasteurizador,17.78236617859577,1.621331455543E12
true,5,M95OE,tanque,16.5466757229899,1.621331455769E12
"","",RJ2OL,"","",1.621331456698E12
false,1,VHIMP,pasteurizador,15.038290296204588,1.621331457832E12
false,1,RJ2OL,tanque,10.104621434230825,1.621331458393E12
false,2,VHIMP,pasteurizador,14.699281123879937,1.62133145893E12
false,2,RJ2OL,tanque,14.840924877382962,1.621331459937E12
"","",MBAIL,"","",1.621331460773E12
false,3,VHIMP,pasteurizador,12.507214264923622,1.621331460777E12
false,3,RJ2OL,tanque,10.805523486122013,1.621331461783E12
false,4,VHIMP,pasteurizador,10.837746492825442,1.621331462082E12
false,1,M95OE,pasteurizador,8.847089494042253,1.62133146258E12
false,1,MBAIL,tanque,6.000420874125044,1.621331462684E12
true,5,VHIMP,pasteurizador,19.46592376132737,1.621331463389E12
false,2,M95OE,pasteurizador,16.190771513587904,1.621331463614E12
false,4,RJ2OL,tanque,18.033836523446116,1.621331463669E12
false,2,MBAIL,tanque,15.612817730756332,1.621331464687E12
false,3,M95OE,pasteurizador,14.498992521810912,1.621331464784E12
true,5,RJ2OL,tanque,9.632195483679979,1.621331465171E12
false,3,MBAIL,tanque,11.757692006828465,1.621331466217E12
false,4,M95OE,pasteurizador,15.268587256462753,1.621331466499E12
false,4,MBAIL,tanque,5.418970159028467,1.621331467251E12
true,5,M95OE,pasteurizador,19.929635025315385,1.621331468284E12
true,5,MBAIL,tanque,7.426026636170745,1.621331468927E12
"","",D4BMS,"","",1.621331470175E12
false,1,D4BMS,tanque,8.646833648542499,1.621331471358E12
false,1,RJ2OL,pasteurizador,8.676083976476301,1.621331471584E12
false,2,D4BMS,tanque,16.279570335629938,1.621331473133E12
false,2,RJ2OL,pasteurizador,8.589190822239754,1.621331473321E12
"","",4MKBD,"","",1.621331473931E12
false,3,D4BMS,tanque,6.35668979780085,1.621331474608E12
false,1,MBAIL,pasteurizador,18.363731166185165,1.621331475244E12
false,3,RJ2OL,pasteurizador,12.69609346909782,1.621331475308E12
false,1,4MKBD,tanque,16.31414125989206,1.621331475888E12
false,4,D4BMS,tanque,10.023973852784634,1.621331476342E12
false,4,RJ2OL,pasteurizador,15.45972634282122,1.621331476883E12
false,2,MBAIL,pasteurizador,10.195575591861608,1.621331477188E12
false,2,4MKBD,tanque,19.57093887827964,1.621331477266E12
true,5,D4BMS,tanque,17.60392764678288,1.621331477535E12
false,3,MBAIL,pasteurizador,10.450138436853514,1.621331478255E12
true,5,RJ2OL,pasteurizador,15.371444829864977,1.621331478412E12
false,3,4MKBD,tanque,5.98145686844989,1.621331478496E12
false,4,MBAIL,pasteurizador,12.942779605080563,1.621331479383E12
false,4,4MKBD,tanque,10.82300409007894,1.621331479779E12
true,5,MBAIL,pasteurizador,13.027524779741048,1.621331481096E12
true,5,4MKBD,tanque,11.417396330337748,1.621331481661E12
"","",9S5ST,"","",1.621331482542E12
false,1,D4BMS,pasteurizador,7.177043765141371,1.621331484199E12
false,1,9S5ST,tanque,6.19835748950048,1.621331484344E12
false,2,D4BMS,pasteurizador,7.061995801035953,1.62133148599E12
false,2,9S5ST,tanque,7.469115603274404,1.62133148609E12
"","",C6TK8,"","",1.621331486666E12
false,3,D4BMS,pasteurizador,10.201503992951459,1.621331487128E12
false,3,9S5ST,tanque,19.060830599734686,1.621331487527E12
false,1,4MKBD,pasteurizador,5.10506708685028,1.621331488112E12
false,1,C6TK8,tanque,10.003581478659449,1.621331488143E12
false,4,D4BMS,pasteurizador,17.490176241546703,1.62133148876E12
false,4,9S5ST,tanque,17.597397264286897,1.621331489454E12
false,2,4MKBD,pasteurizador,16.698649584523178,1.621331489454E12
false,2,C6TK8,tanque,8.930766127707285,1.621331489855E12
true,5,D4BMS,pasteurizador,16.980302681395948,1.621331490055E12
true,5,9S5ST,tanque,12.380371559815508,1.621331490473E12
false,3,4MKBD,pasteurizador,7.628321160867344,1.621331491257E12
false,3,C6TK8,tanque,5.178218895712517,1.621331491317E12
false,4,4MKBD,pasteurizador,5.585831523827226,1.621331492626E12
false,4,C6TK8,tanque,9.273943092540385,1.621331493194E12
true,5,4MKBD,pasteurizador,19.183599256741285,1.621331494411E12
true,5,C6TK8,tanque,10.522038614683249,1.621331495123E12
"","",2K51Z,"","",1.621331495478E12
"","",UYW57,"","",1.621331503483E12
false,1,UYW57,tanque,6.154404886874497,1.621331505346E12
false,2,UYW57,tanque,17.01756834122628,1.621331506484E12
false,3,UYW57,tanque,6.341586259254415,1.621331507613E12
false,4,UYW57,tanque,6.265984683413035,1.621331509315E12
true,5,UYW57,tanque,17.745556622601505,1.621331510581E12
"","",Y0H6E,"","",1.621331515589E12
false,1,UYW57,pasteurizador,12.805220622963471,1.621331516739E12
false,1,Y0H6E,tanque,7.878947899872564,1.621331517098E12
false,2,UYW57,pasteurizador,10.686660555327586,1.621331518074E12
false,2,Y0H6E,tanque,5.729487160421256,1.621331518375E12
false,3,Y0H6E,tanque,9.747278769620838,1.621331519699E12
false,3,UYW57,pasteurizador,14.236928385957706,1.621331519982E12
false,4,UYW57,pasteurizador,9.415913924870116,1.621331521499E12
false,4,Y0H6E,tanque,7.092191225332422,1.621331521534E12
true,5,Y0H6E,tanque,18.449411290671204,1.621331522753E12
true,5,UYW57,pasteurizador,16.751642776353098,1.621331522896E12
"","",S0JOM,"","",1.621331527758E12
false,1,Y0H6E,pasteurizador,13.898539504552831,1.621331529046E12
false,1,S0JOM,tanque,11.277908889744811,1.621331529386E12
false,2,Y0H6E,pasteurizador,7.199303858188971,1.62133153036E12
"","",0Q2WX,"","",1.621344163505E12
false,1,0Q2WX,tanque,5.673864419353216,1.621344165354E12
false,2,0Q2WX,tanque,12.51921651908495,1.621344167179E12
false,3,0Q2WX,tanque,14.68664907591392,1.621344168639E12
false,4,0Q2WX,tanque,14.473083824237184,1.621344169652E12
true,5,0Q2WX,tanque,14.334090178477993,1.621344171445E12
"","",D7DLT,"","",1.621344176448E12
false,1,D7DLT,tanque,7.364728514720489,1.621344178194E12
false,1,0Q2WX,pasteurizador,12.833107378508238,1.621344178194E12
false,2,D7DLT,tanque,5.735750492225708,1.621344180131E12
false,2,0Q2WX,pasteurizador,11.708490542171965,1.621344180193E12
false,3,D7DLT,tanque,12.865648527851853,1.621344181363E12
false,3,0Q2WX,pasteurizador,9.355556561148758,1.621344181668E12
false,4,D7DLT,tanque,15.245149656577535,1.62134418319E12
false,4,0Q2WX,pasteurizador,8.90714262340795,1.621344183463E12
true,5,0Q2WX,pasteurizador,5.4481961297865125,1.621344184667E12
true,5,D7DLT,tanque,14.362593030711492,1.621344184715E12
"","",2RCIZ,"","",1.621344189719E12
false,1,D7DLT,pasteurizador,16.010351720097695,1.621344191114E12
false,1,2RCIZ,tanque,17.17502569345366,1.621344191207E12
false,2,2RCIZ,tanque,11.957386811180879,1.621344192442E12
false,2,D7DLT,pasteurizador,9.126735763621145,1.621344192886E12
false,3,2RCIZ,tanque,14.621300128677351,1.62134419356E12
false,3,D7DLT,pasteurizador,5.28453131262658,1.621344194064E12
false,4,2RCIZ,tanque,12.24909087848706,1.621344194862E12
false,4,D7DLT,pasteurizador,11.286719384869322,1.621344195759E12
true,5,2RCIZ,tanque,9.983409348146138,1.621344195869E12
true,5,D7DLT,pasteurizador,8.850080067258736,1.621344197124E12
"","",HRJ4X,"","",1.621344200874E12
false,1,2RCIZ,pasteurizador,11.715801476245531,1.621344201921E12
false,1,HRJ4X,tanque,11.225366774682943,1.621344202729E12
false,2,2RCIZ,pasteurizador,8.110345171846202,1.621344203836E12
false,2,HRJ4X,tanque,11.19804381685539,1.621344204333E12
false,3,2RCIZ,pasteurizador,14.1681752355666,1.621344205169E12
false,3,HRJ4X,tanque,19.227986792866417,1.621344206089E12
false,4,2RCIZ,pasteurizador,10.021520983999844,1.621344206855E12
false,4,HRJ4X,tanque,13.577404181714076,1.621344207149E12
true,5,2RCIZ,pasteurizador,17.721255389660172,1.621344208649E12
true,5,HRJ4X,tanque,5.161439702511923,1.621344208705E12
"","",4ERQM,"","",1.62134421371E12
false,1,4ERQM,tanque,16.493132749312174,1.621344214979E12
false,1,HRJ4X,pasteurizador,9.208436534067413,1.621344215542E12
false,2,4ERQM,tanque,11.201663048646997,1.621344216005E12
false,2,HRJ4X,pasteurizador,9.627286414905718,1.621344216819E12
false,3,4ERQM,tanque,19.946018475082237,1.621344217872E12
false,3,HRJ4X,pasteurizador,10.698239564021065,1.621344218092E12
false,4,HRJ4X,pasteurizador,15.703372232663403,1.62134421938E12
false,4,4ERQM,tanque,17.55142524489206,1.621344219696E12
true,5,HRJ4X,pasteurizador,10.262363524717905,1.621344221138E12
true,5,4ERQM,tanque,18.70069156753024,1.621344221483E12
"","",734Q2,"","",1.621344226484E12
false,1,4ERQM,pasteurizador,15.622978288614696,1.621344227613E12
false,1,734Q2,tanque,10.404645407651977,1.62134422769E12
false,2,4ERQM,pasteurizador,18.655452112746662,1.621344229566E12
false,2,734Q2,tanque,15.261243439344591,1.621344229667E12
false,3,4ERQM,pasteurizador,14.265429394625688,1.621344230613E12
false,3,734Q2,tanque,16.767933503337662,1.621344231493E12
false,4,4ERQM,pasteurizador,11.983794999887937,1.621344231885E12
false,4,734Q2,tanque,8.895961944366876,1.6213442333E12
true,5,4ERQM,pasteurizador,9.123548446304373,1.621344233466E12
true,5,734Q2,tanque,14.930454731650647,1.621344234931E12
"","",XF83X,"","",1.621344239939E12
false,1,XF83X,tanque,7.488494989112714,1.621344240983E12
false,1,734Q2,pasteurizador,19.60513221399586,1.6213442413E12
false,2,XF83X,tanque,8.099121470305862,1.621344242841E12
false,2,734Q2,pasteurizador,6.7431027219991115,1.621344243087E12
false,3,XF83X,tanque,15.77654080364305,1.621344244607E12
false,3,734Q2,pasteurizador,6.599848337922597,1.621344244612E12
false,4,734Q2,pasteurizador,9.62331645798186,1.621344245737E12
false,4,XF83X,tanque,13.53548432831461,1.621344246232E12
true,5,734Q2,pasteurizador,11.278522549727754,1.621344246739E12
true,5,XF83X,tanque,17.810158693979872,1.621344247281E12
"","",J4X5K,"","",1.621344252282E12
false,1,J4X5K,tanque,19.41487365801078,1.621344253619E12
false,1,XF83X,pasteurizador,17.41601745451692,1.621344254097E12
false,2,J4X5K,tanque,16.04263233985531,1.621344254661E12
false,3,J4X5K,tanque,11.470184902329212,1.621344255758E12
false,2,XF83X,pasteurizador,13.866813833088337,1.621344255791E12
false,3,XF83X,pasteurizador,12.795691645786494,1.621344257146E12
false,4,J4X5K,tanque,8.276961159625875,1.621344257439E12
true,5,J4X5K,tanque,5.014127801855674,1.621344258611E12
false,4,XF83X,pasteurizador,18.49526123683558,1.621344258976E12
true,5,XF83X,pasteurizador,12.939247756021533,1.621344260513E12
"","",6DD1X,"","",1.621344263616E12
false,1,J4X5K,pasteurizador,13.058711542247272,1.62134426492E12
false,1,6DD1X,tanque,16.75556777467368,1.621344265239E12
false,2,J4X5K,pasteurizador,7.591498337596873,1.621344266166E12
false,2,6DD1X,tanque,13.65551555964376,1.621344266777E12
false,3,J4X5K,pasteurizador,17.256532118720337,1.621344267801E12
false,3,6DD1X,tanque,8.860927939861796,1.62134426798E12
false,4,6DD1X,tanque,16.320972045621517,1.621344269273E12
false,4,J4X5K,pasteurizador,10.938467493390757,1.621344269634E12
true,5,6DD1X,tanque,12.115521496222758,1.621344271116E12
true,5,J4X5K,pasteurizador,9.101434952311243,1.621344271571E12
"","",1W25V,"","",1.621344276123E12
false,1,1W25V,tanque,6.9491356706939875,1.621344277602E12
false,1,6DD1X,pasteurizador,5.100914307369075,1.621344277664E12
false,2,6DD1X,pasteurizador,12.342354507596479,1.621344278739E12
false,2,1W25V,tanque,12.0709215966403,1.621344279527E12
false,3,6DD1X,pasteurizador,13.840905742374924,1.621344280464E12
false,3,1W25V,tanque,16.77111872060523,1.621344281022E12
false,4,6DD1X,pasteurizador,11.337960306676163,1.621344281543E12
false,4,1W25V,tanque,6.465138394542454,1.621344282478E12
true,5,6DD1X,pasteurizador,7.162821667604481,1.621344282625E12
true,5,1W25V,tanque,19.411971106654736,1.621344283754E12
"","",1TJGN,"","",1.621344288768E12
false,1,1W25V,pasteurizador,18.102193824692428,1.621344290031E12
false,1,1TJGN,tanque,12.863440544929976,1.621344290084E12
false,2,1W25V,pasteurizador,11.985217500816468,1.621344291254E12
false,2,1TJGN,tanque,18.042954239795343,1.621344291391E12
false,3,1TJGN,tanque,15.411340044519727,1.621344292411E12
false,3,1W25V,pasteurizador,15.25499906440693,1.621344293145E12
false,4,1TJGN,tanque,16.896814860444337,1.621344293629E12
false,4,1W25V,pasteurizador,7.709675617112933,1.621344295079E12
true,5,1TJGN,tanque,9.816270648783078,1.621344295504E12
true,5,1W25V,pasteurizador,11.1162776719828,1.621344296424E12
"","",D7EWU,"","",1.62134430051E12
false,1,1TJGN,pasteurizador,13.503479309346183,1.62134430162E12
false,1,D7EWU,tanque,6.110329149622152,1.621344302457E12
false,2,1TJGN,pasteurizador,7.1426201304350805,1.62134430345E12
false,2,D7EWU,tanque,19.986997105991442,1.621344303488E12
false,3,1TJGN,pasteurizador,5.247564834466971,1.621344305288E12
false,3,D7EWU,tanque,10.62907974715711,1.621344305425E12
false,4,D7EWU,tanque,10.419989838701817,1.621344306456E12
false,4,1TJGN,pasteurizador,11.15627666413948,1.621344306858E12
true,5,D7EWU,tanque,13.434443050779318,1.621344307574E12
true,5,1TJGN,pasteurizador,16.580060750037926,1.621344308728E12
"","",ALSQD,"","",1.62134431258E12
false,1,D7EWU,pasteurizador,16.939928818714144,1.621344313703E12
false,1,ALSQD,tanque,9.280322371194147,1.62134431419E12
false,2,D7EWU,pasteurizador,5.612157082610975,1.62134431509E12
false,2,ALSQD,tanque,15.518420313876733,1.621344316125E12
false,3,D7EWU,pasteurizador,7.953289261180676,1.621344316983E12
false,3,ALSQD,tanque,12.269105925261066,1.621344318022E12
false,4,D7EWU,pasteurizador,5.183648681880787,1.621344318396E12
false,4,ALSQD,tanque,14.35587711127906,1.621344319782E12
true,5,D7EWU,pasteurizador,17.75555431044835,1.621344320376E12
true,5,ALSQD,tanque,10.2247577148188,1.621344320799E12
"","",CN0LU,"","",1.621344325801E12
false,1,ALSQD,pasteurizador,5.293201510979607,1.621344326864E12
false,1,CN0LU,tanque,10.501016083600941,1.621344327276E12
false,2,ALSQD,pasteurizador,15.108399069929032,1.621344328534E12
false,2,CN0LU,tanque,5.191406036483191,1.621344328731E12
false,3,ALSQD,pasteurizador,10.748409746555469,1.621344330054E12
false,3,CN0LU,tanque,8.796848087652453,1.621344330134E12
false,4,CN0LU,tanque,12.584014322511191,1.621344331177E12
false,4,ALSQD,pasteurizador,18.142783430280154,1.621344331382E12
true,5,CN0LU,tanque,19.53700652915069,1.62134433261E12
true,5,ALSQD,pasteurizador,9.043950354506222,1.621344332968E12
"","",L10X3,"","",1.621344337616E12
false,1,L10X3,tanque,15.273588036603378,1.62134433864E12
false,1,CN0LU,pasteurizador,6.677588857058582,1.621344339321E12
false,2,L10X3,tanque,11.022716949080102,1.621344340225E12
false,2,CN0LU,pasteurizador,15.133189609624381,1.621344340649E12
false,3,CN0LU,pasteurizador,13.626545673962738,1.621344341844E12
false,3,L10X3,tanque,11.942359323757021,1.621344342032E12
false,4,CN0LU,pasteurizador,16.70940002773488,1.62134434328E12
false,4,L10X3,tanque,17.72656101053085,1.621344343488E12
true,5,CN0LU,pasteurizador,13.842571005369576,1.621344344595E12
true,5,L10X3,tanque,12.409693785301268,1.621344345141E12
"","",LR9HL,"","",1.621344350143E12
false,1,LR9HL,tanque,7.933490132503157,1.621344351369E12
false,1,L10X3,pasteurizador,7.617347545731079,1.621344351535E12
false,2,LR9HL,tanque,6.071369550073907,1.62134435244E12
false,2,L10X3,pasteurizador,6.7448422704569975,1.62134435339E12
false,3,LR9HL,tanque,15.001832617878588,1.621344354366E12
false,3,L10X3,pasteurizador,13.339172609901595,1.621344355333E12
false,4,LR9HL,tanque,17.827705138062186,1.621344356041E12
false,4,L10X3,pasteurizador,17.649082440482612,1.621344357264E12
true,5,LR9HL,tanque,16.721685136365444,1.62134435772E12
true,5,L10X3,pasteurizador,10.726843528522497,1.621344359237E12
"","",LFZFR,"","",1.621344362722E12
false,1,LR9HL,pasteurizador,18.77963310766376,1.621344364651E12
false,1,LFZFR,tanque,13.7026138314492,1.621344364716E12
false,2,LR9HL,pasteurizador,12.342629277252428,1.62134436569E12
false,2,LFZFR,tanque,10.012861888626903,1.621344366108E12
false,3,LR9HL,pasteurizador,8.595081511806738,1.621344367198E12
false,3,LFZFR,tanque,14.156398341514581,1.621344367506E12
false,4,LR9HL,pasteurizador,13.492141383703482,1.621344368375E12
false,4,LFZFR,tanque,18.842143262804683,1.621344369379E12
true,5,LR9HL,pasteurizador,8.594483886191494,1.621344369701E12
true,5,LFZFR,tanque,14.04067838646746,1.621344370644E12
"","",VKHH9,"","",1.621344375645E12
false,1,VKHH9,tanque,18.23373276714911,1.621344376737E12
false,1,LFZFR,pasteurizador,7.040645136798551,1.621344376866E12
false,2,LFZFR,pasteurizador,19.03122183675719,1.621344378405E12
false,2,VKHH9,tanque,6.606426572695013,1.621344378444E12
false,3,LFZFR,pasteurizador,12.579698201301522,1.621344379438E12
false,3,VKHH9,tanque,9.777524166163033,1.62134437958E12
false,4,LFZFR,pasteurizador,11.08376714529388,1.621344381031E12
false,4,VKHH9,tanque,9.177111663155914,1.621344381112E12
true,5,LFZFR,pasteurizador,7.112192677204296,1.621344382361E12
true,5,VKHH9,tanque,5.3891332338821805,1.62134438244E12
"","",Y7PGD,"","",1.621344387444E12
false,1,VKHH9,pasteurizador,19.598318102678014,1.621344388932E12
false,1,Y7PGD,tanque,9.275869498625692,1.621344389275E12
false,2,Y7PGD,tanque,11.530038458231203,1.62134439064E12
false,2,VKHH9,pasteurizador,14.485902496563497,1.621344390917E12
false,3,Y7PGD,tanque,17.182538332958785,1.621344391796E12
false,3,VKHH9,pasteurizador,13.174527062718422,1.621344392523E12
false,4,Y7PGD,tanque,18.979365060276738,1.62134439322E12
false,4,VKHH9,pasteurizador,5.170309255644624,1.62134439389E12
true,5,Y7PGD,tanque,14.650352807113297,1.621344394584E12
true,5,VKHH9,pasteurizador,11.123724702600185,1.621344394994E12
"","",BEBXS,"","",1.621344399592E12
false,1,BEBXS,tanque,10.348784826566817,1.621344401107E12
false,1,Y7PGD,pasteurizador,17.64742452239917,1.621344401289E12
false,2,BEBXS,tanque,7.788690119149989,1.621344402366E12
false,2,Y7PGD,pasteurizador,15.502527587993132,1.621344402994E12
false,3,BEBXS,tanque,11.833695282084976,1.621344403657E12
false,3,Y7PGD,pasteurizador,8.440491163273387,1.621344404093E12
false,4,BEBXS,tanque,5.119646651547992,1.621344404892E12
false,4,Y7PGD,pasteurizador,10.767025850066972,1.621344405858E12
true,5,BEBXS,tanque,15.138277763559346,1.621344406273E12
true,5,Y7PGD,pasteurizador,7.637614403760344,1.621344407277E12
"","",ANO3K,"","",1.621344411278E12
false,1,BEBXS,pasteurizador,17.05939583792819,1.621344412795E12
false,1,ANO3K,tanque,10.52092972704017,1.621344413045E12
false,2,BEBXS,pasteurizador,6.912963087511397,1.621344414282E12
false,2,ANO3K,tanque,8.632267886171494,1.62134441486E12
false,3,BEBXS,pasteurizador,10.66298176058013,1.621344416153E12
false,3,ANO3K,tanque,17.495877210239875,1.621344416393E12
false,4,BEBXS,pasteurizador,15.672604957126737,1.621344417186E12
false,4,ANO3K,tanque,12.091145320670012,1.621344418145E12
true,5,BEBXS,pasteurizador,10.428637250192082,1.62134441902E12
true,5,ANO3K,tanque,14.712006872129352,1.621344419695E12
"","",YV7FJ,"","",1.621344424697E12
false,1,YV7FJ,tanque,8.500567196889547,1.621344425797E12
false,1,ANO3K,pasteurizador,9.906360982853512,1.621344426355E12
false,2,YV7FJ,tanque,18.919582360026567,1.621344427307E12
false,2,ANO3K,pasteurizador,19.668539782390972,1.621344427948E12
false,3,YV7FJ,tanque,18.816567784177874,1.621344429217E12
false,3,ANO3K,pasteurizador,8.825054416646724,1.621344429914E12
false,4,YV7FJ,tanque,9.722317847475505,1.621344430362E12
false,4,ANO3K,pasteurizador,13.4081266410036,1.621344431916E12
true,5,YV7FJ,tanque,11.762848632888137,1.621344431948E12
true,5,ANO3K,pasteurizador,7.7717020683397555,1.621344433018E12
"","",UB792,"","",1.621344436951E12
false,1,UB792,tanque,5.720652271104965,1.621344438424E12
false,1,YV7FJ,pasteurizador,19.61242402089309,1.621344438515E12
false,2,YV7FJ,pasteurizador,10.526497770553558,1.621344440229E12
false,2,UB792,tanque,10.017327278166402,1.621344440308E12
false,3,YV7FJ,pasteurizador,6.3852794443085035,1.62134444168E12
false,3,UB792,tanque,11.381491308947105,1.621344441865E12
false,4,YV7FJ,pasteurizador,16.038590061022518,1.621344443481E12
false,4,UB792,tanque,5.5004482688632175,1.621344443609E12
true,5,YV7FJ,pasteurizador,11.872242706279852,1.621344444537E12
true,5,UB792,tanque,15.04919481288751,1.621344445549E12
"","",PZGMA,"","",1.621344450556E12
false,1,UB792,pasteurizador,12.558504589587846,1.62134445161E12
false,1,PZGMA,tanque,5.314005071990893,1.621344452148E12
false,2,UB792,pasteurizador,9.426234482620506,1.621344452747E12
false,2,PZGMA,tanque,12.182535272685843,1.621344453533E12
false,3,UB792,pasteurizador,10.107032470508566,1.621344454561E12
false,3,PZGMA,tanque,19.93480537388089,1.621344455002E12
false,4,UB792,pasteurizador,13.744072128745636,1.621344456158E12
false,4,PZGMA,tanque,16.543012975399915,1.621344456594E12
true,5,UB792,pasteurizador,12.175462978907284,1.621344457859E12
true,5,PZGMA,tanque,14.554244243182612,1.62134445787E12
"","",R0MI9,"","",1.621344462876E12
false,1,PZGMA,pasteurizador,16.34993400438755,1.621344464088E12
false,1,R0MI9,tanque,14.010075228150535,1.621344464696E12
false,2,PZGMA,pasteurizador,18.177654672213926,1.621344466043E12
false,2,R0MI9,tanque,6.327935076941334,1.621344466496E12
false,3,PZGMA,pasteurizador,19.633739190265555,1.621344467531E12
false,3,R0MI9,tanque,10.679304673721116,1.621344467924E12
false,4,PZGMA,pasteurizador,19.431725932016946,1.621344468655E12
false,4,R0MI9,tanque,17.45267117383182,1.621344469495E12
true,5,PZGMA,pasteurizador,9.89810497121558,1.621344470199E12
true,5,R0MI9,tanque,14.798287735341486,1.621344471203E12
"","",32EJU,"","",1.621344476212E12
false,1,R0MI9,pasteurizador,8.312442531193447,1.621344477275E12
false,1,32EJU,tanque,14.003679260712158,1.621344478209E12
false,2,R0MI9,pasteurizador,12.785283102834114,1.621344478286E12
false,2,32EJU,tanque,14.149892359203056,1.621344480048E12
false,3,R0MI9,pasteurizador,18.09335808452046,1.621344480184E12
false,4,R0MI9,pasteurizador,8.530673740529267,1.62134448192E12
false,3,32EJU,tanque,13.490617898642567,1.621344481957E12
true,5,R0MI9,pasteurizador,10.682026782278205,1.621344483898E12
false,4,32EJU,tanque,14.820153368250011,1.621344483936E12
true,5,32EJU,tanque,17.001257623086083,1.621344485405E12
"","",4027Y,"","",1.621344490411E12
false,1,4027Y,tanque,12.930638313123197,1.621344491587E12
false,1,32EJU,pasteurizador,12.996018742792513,1.621344492073E12
false,2,4027Y,tanque,5.221246060356103,1.621344493349E12
false,2,32EJU,pasteurizador,10.832779562196194,1.621344493794E12
false,3,4027Y,tanque,15.771741941230337,1.621344494656E12
false,3,32EJU,pasteurizador,6.294335449762961,1.621344495677E12
false,4,4027Y,tanque,14.8250120082987,1.621344496024E12
false,4,32EJU,pasteurizador,7.452636008020895,1.62134449686E12
true,5,4027Y,tanque,8.384325985483324,1.62134449785E12
true,5,32EJU,pasteurizador,17.242043139769454,1.621344498436E12
"","",S1I1T,"","",1.621344502853E12
false,1,4027Y,pasteurizador,5.1205590834898445,1.621344504309E12
false,1,S1I1T,tanque,14.999381300595635,1.621344504678E12
false,2,4027Y,pasteurizador,19.80408292774272,1.62134450572E12
false,2,S1I1T,tanque,16.628228248116827,1.621344505894E12
false,3,S1I1T,tanque,9.933517024038828,1.621344507292E12
false,3,4027Y,pasteurizador,9.451352639217216,1.621344507476E12
false,4,4027Y,pasteurizador,11.297648782333951,1.621344508556E12
false,4,S1I1T,tanque,5.4109635017008255,1.621344508896E12
true,5,S1I1T,tanque,15.887953261861078,1.621344510181E12
true,5,4027Y,pasteurizador,19.5087095693802,1.621344510181E12
"","",YNKGN,"","",1.621344515184E12
false,1,YNKGN,tanque,6.03228327349973,1.621344516323E12
false,1,S1I1T,pasteurizador,13.707725465831892,1.621344516813E12
false,2,YNKGN,tanque,12.150966186360947,1.621344517632E12
false,2,S1I1T,pasteurizador,9.738610689531992,1.621344518354E12
false,3,YNKGN,tanque,15.3051070064021,1.621344518678E12
false,4,YNKGN,tanque,10.39459527127607,1.621344519714E12
false,3,S1I1T,pasteurizador,13.300195596338185,1.621344520097E12
false,4,S1I1T,pasteurizador,11.09101541400601,1.621344521386E12
true,5,YNKGN,tanque,13.271983323352735,1.62134452171E12
true,5,S1I1T,pasteurizador,19.515980814798155,1.621344522957E12
"","",H0WMC,"","",1.621344526712E12
false,1,H0WMC,tanque,8.560249519852574,1.621344528411E12
false,1,YNKGN,pasteurizador,9.062983926483314,1.62134452856E12
false,2,H0WMC,tanque,8.037670600776462,1.62134452974E12
false,2,YNKGN,pasteurizador,13.577576956934504,1.621344530477E12
false,3,H0WMC,tanque,11.97612790053646,1.621344530892E12
false,3,YNKGN,pasteurizador,15.29068540648208,1.621344531579E12
false,4,H0WMC,tanque,17.12395897552811,1.621344532274E12
false,4,YNKGN,pasteurizador,10.341953959114115,1.621344533317E12
true,5,H0WMC,tanque,5.020657676458264,1.621344533802E12
true,5,YNKGN,pasteurizador,15.881997478366719,1.62134453439E12
"","",8VTVQ,"","",1.621344538805E12
false,1,H0WMC,pasteurizador,7.98952151081492,1.621344540341E12
false,1,8VTVQ,tanque,8.12939223737661,1.621344540383E12
false,2,H0WMC,pasteurizador,11.419353997711063,1.62134454153E12
false,2,8VTVQ,tanque,13.354309213229154,1.621344542255E12
false,3,H0WMC,pasteurizador,14.71872231694878,1.621344542756E12
false,3,8VTVQ,tanque,13.893877400108261,1.621344543282E12
false,4,H0WMC,pasteurizador,9.981459199031125,1.621344543807E12
false,4,8VTVQ,tanque,15.153462284077476,1.621344545086E12
true,5,H0WMC,pasteurizador,5.105474186925994,1.62134454573E12
true,5,8VTVQ,tanque,18.65085389286142,1.621344546202E12
"","",M7DRF,"","",1.621344551207E12
false,1,8VTVQ,pasteurizador,11.308899340352813,1.621344552312E12
false,1,M7DRF,tanque,19.452893258100644,1.621344552381E12
false,2,8VTVQ,pasteurizador,6.109314294299484,1.621344553876E12
false,2,M7DRF,tanque,9.144594468795848,1.621344553898E12
false,3,M7DRF,tanque,10.87119629330608,1.621344555081E12
false,3,8VTVQ,pasteurizador,10.02980562043711,1.621344555262E12
false,4,8VTVQ,pasteurizador,7.906393085756634,1.621344556451E12
false,4,M7DRF,tanque,13.053663057243293,1.621344556663E12
"","",96O9S,"","",1.621344561665E12
false,1,96O9S,tanque,5.384416174319075,1.621344563373E12
false,2,96O9S,tanque,17.421258713460794,1.621344564477E12
false,3,96O9S,tanque,6.00165977640856,1.621344566057E12
false,4,96O9S,tanque,14.30397391901022,1.621344568005E12
true,5,96O9S,tanque,16.754915601319176,1.621344569706E12
"","",KD8Z2,"","",1.62134457471E12
false,1,96O9S,pasteurizador,13.478933424528586,1.621344576222E12
false,1,KD8Z2,tanque,12.140590586892056,1.62134457649E12
false,2,KD8Z2,tanque,7.272393820008148,1.621344577658E12
false,2,96O9S,pasteurizador,8.974906619361377,1.621344577887E12
false,3,KD8Z2,tanque,17.792735374957147,1.621344578857E12
false,3,96O9S,pasteurizador,9.807270204444194,1.621344578909E12
false,4,96O9S,pasteurizador,13.319138607248842,1.62134458016E12
false,4,KD8Z2,tanque,17.638689387025245,1.621344580432E12
true,5,96O9S,pasteurizador,15.715835408954023,1.621344581627E12
true,5,KD8Z2,tanque,16.055546531579747,1.6213445822E12
